phenotype,D1M1,D1M2,D1M3,D1M4,D1M5,D1M6,D1M7,D1M8,D1M9,D1M10,D2M1,D2M2,D2M3,D2M4,D2M5,D2M6,D2M7,D2M8,D2M9,D2M10,D3M1,D3M2,D3M3,D3M4,D3M5,D3M6,D3M7,D3M8,D3M9,D3M10,D4M1,D4M2,D4M3,D4M4,D4M5,D4M6,D4M7,D4M8,D4M9,D4M10,D5M1,D5M2,D5M3,D5M4,D5M5,D5M6,D5M7,D5M8,D5M9,D5M10,D6M1,D6M2,D6M3,D6M4,D6M5,D6M6,D6M7,D6M8,D6M9,D6M10,D7M1,D7M2,D7M3,D7M4,D7M5,D7M6,D7M7,D7M8,D7M9,D7M10,D8M1,D8M2,D8M3,D8M4,D8M5,D8M6,D8M7,D8M8,D8M9,D8M10,D9M1,D9M2,D9M3,D9M4,D9M5,D9M6,D9M7,D9M8,D9M9,D9M10,D10M1,D10M2,D10M3,D10M4,D10M5,D10M6,D10M7,D10M8,D10M9,D10M10
,1,1,1,1,1,1,1,1,1,1,2,2,2,2,2,2,2,2,2,2,3,3,3,3,3,3,3,3,3,3,4,4,4,4,4,4,4,4,4,4,5,5,5,5,5,5,5,5,5,5,6,6,6,6,6,6,6,6,6,6,7,7,7,7,7,7,7,7,7,7,8,8,8,8,8,8,8,8,8,8,9,9,9,9,9,9,9,9,9,9,10,10,10,10,10,10,10,10,10,10
,0,11.1111111111111,22.2222222222222,33.3333333333333,44.4444444444444,55.5555555555556,66.6666666666667,77.7777777777778,88.8888888888889,100,0,11.1111111111111,22.2222222222222,33.3333333333333,44.4444444444444,55.5555555555556,66.6666666666667,77.7777777777778,88.8888888888889,100,0,11.1111111111111,22.2222222222222,33.3333333333333,44.4444444444444,55.5555555555556,66.6666666666667,77.7777777777778,88.8888888888889,100,0,11.1111111111111,22.2222222222222,33.3333333333333,44.4444444444444,55.5555555555556,66.6666666666667,77.7777777777778,88.8888888888889,100,0,11.1111111111111,22.2222222222222,33.3333333333333,44.4444444444444,55.5555555555556,66.6666666666667,77.7777777777778,88.8888888888889,100,0,11.1111111111111,22.2222222222222,33.3333333333333,44.4444444444444,55.5555555555556,66.6666666666667,77.7777777777778,88.8888888888889,100,0,11.1111111111111,22.2222222222222,33.3333333333333,44.4444444444444,55.5555555555556,66.6666666666667,77.7777777777778,88.8888888888889,100,0,11.1111111111111,22.2222222222222,33.3333333333333,44.4444444444444,55.5555555555556,66.6666666666667,77.7777777777778,88.8888888888889,100,0,11.1111111111111,22.2222222222222,33.3333333333333,44.4444444444444,55.5555555555556,66.6666666666667,77.7777777777778,88.8888888888889,100,0,11.1111111111111,22.2222222222222,33.3333333333333,44.4444444444444,55.5555555555556,66.6666666666667,77.7777777777778,88.8888888888889,100
3.50789202515972,A,A,A,A,A,H,H,H,H,H,H,H,H,A,A,A,H,H,H,H,A,H,H,H,H,H,H,H,H,A,H,H,A,A,A,H,H,H,H,H,H,H,H,H,A,A,H,H,H,H,H,H,H,A,A,A,H,H,H,H,H,H,H,H,H,H,H,H,A,A,H,H,H,H,H,H,H,H,H,A,A,A,A,A,A,A,A,A,A,H,A,A,H,H,H,H,H,H,H,H
-0.381633376283053,A,A,A,A,A,H,H,H,H,H,A,A,A,A,A,A,H,H,H,H,A,A,A,A,A,A,A,A,A,H,H,H,H,H,H,H,H,H,H,H,A,A,A,A,A,H,H,H,H,H,H,H,H,H,A,A,A,A,A,A,H,H,H,H,H,A,A,A,A,A,A,H,H,H,H,H,H,H,H,A,H,H,H,H,H,H,H,H,H,H,H,H,H,H,H,H,H,H,H,H
3.43509015998089,H,H,H,H,H,H,H,H,H,H,A,A,A,H,H,A,A,H,A,A,A,A,A,A,A,A,A,A,A,A,H,A,H,H,H,H,H,H,H,H,H,H,H,H,A,A,A,A,H,A,A,A,A,A,A,A,A,A,A,A,A,A,A,A,A,A,A,A,A,A,H,H,H,H,H,H,H,H,H,H,A,A,A,A,A,A,A,H,H,H,A,A,A,A,A,A,A,A,A,A
1.10423316637661,H,A,A,H,A,A,A,A,A,A,H,H,H,H,H,H,H,H,A,A,A,A,A,A,A,A,A,H,H,H,A,A,A,A,H,H,H,H,H,H,H,H,H,H,H,A,H,H,H,A,A,A,A,A,H,H,H,A,A,A,A,A,A,A,A,A,A,A,A,A,A,A,A,A,A,A,A,A,A,A,H,H,H,H,H,H,H,H,H,H,H,H,H,H,A,A,H,H,A,A
0.465145619780166,A,A,A,A,A,H,H,H,H,H,A,A,H,H,H,H,H,H,H,H,A,A,A,H,H,H,H,A,A,A,A,A,A,A,A,A,H,H,H,H,H,H,H,H,H,H,H,H,H,H,H,A,A,A,A,A,A,A,H,H,H,H,A,A,H,H,H,H,H,H,H,H,H,H,H,H,A,A,A,A,H,H,H,H,H,H,H,H,H,H,H,H,H,A,A,A,A,A,A,A
0.0707816771213585,A,A,A,A,A,A,A,A,A,A,H,H,H,H,H,H,H,H,A,A,H,H,H,A,H,H,H,H,H,H,H,H,H,H,H,A,A,A,A,A,A,A,A,A,A,A,A,A,A,A,H,H,A,A,A,A,A,H,H,H,A,A,A,A,A,A,A,A,A,A,H,H,H,H,H,H,H,H,H,H,A,A,A,H,H,H,A,A,A,A,H,H,H,A,A,A,H,H,H,H
2.74018180531977,H,H,H,H,H,H,A,A,A,A,H,H,H,H,H,A,A,A,A,A,A,A,A,A,A,A,A,A,H,H,A,H,H,H,H,H,H,A,A,A,H,H,H,H,H,H,H,H,H,H,H,H,A,A,A,A,A,A,A,A,H,H,H,H,H,H,A,A,A,H,H,H,H,H,H,H,H,H,H,H,A,A,A,A,A,A,A,A,A,A,H,H,H,H,H,H,H,H,H,H
3.18964793374587,H,H,H,H,H,H,H,H,H,H,A,A,A,H,H,H,H,H,H,A,A,A,A,A,A,A,H,H,A,H,A,A,A,A,A,A,A,A,A,A,A,A,A,A,A,A,A,A,A,A,A,A,A,A,A,A,A,A,A,A,H,H,H,H,H,H,H,A,A,A,H,A,A,A,A,A,A,A,A,A,H,H,H,H,H,H,H,H,H,H,A,A,A,A,H,H,A,A,A,A
3.52414917710077,H,H,H,H,H,H,H,H,A,A,A,A,A,A,A,A,A,A,A,A,H,H,A,A,H,H,H,H,H,H,A,A,A,A,A,A,A,A,H,H,A,H,H,H,H,H,H,H,H,H,A,A,A,A,A,A,A,H,H,H,H,H,H,H,H,H,H,H,H,H,H,H,H,H,A,H,H,H,A,H,H,A,H,A,A,A,A,A,A,A,H,H,H,H,H,H,H,H,A,A
1.08026092561567,H,H,H,H,H,H,H,H,H,H,A,A,A,A,A,A,A,A,A,A,A,A,A,A,A,H,H,H,H,H,H,H,H,H,H,H,H,H,H,H,A,A,A,A,A,A,A,H,H,H,A,A,A,A,H,H,H,H,H,A,H,H,H,H,H,H,H,H,H,H,H,H,H,H,H,H,H,H,H,H,H,H,H,H,H,H,H,H,H,H,A,A,A,H,A,A,A,A,A,A
-0.0369867065743124,H,H,A,A,A,A,A,A,A,A,A,A,A,A,A,A,A,A,A,A,H,H,H,H,H,H,H,H,H,A,H,H,H,H,H,H,H,H,H,H,A,A,A,A,A,A,A,A,A,A,A,A,A,A,H,H,A,A,A,A,A,A,A,A,H,H,H,H,A,A,H,H,H,H,H,H,H,H,H,H,H,H,H,H,H,H,A,H,H,H,A,A,A,A,A,A,A,A,A,A
1.76497653735961,H,A,A,A,A,A,A,A,A,A,H,A,A,A,A,A,A,A,A,A,A,A,H,H,H,H,H,H,H,H,A,H,H,H,H,H,H,H,H,A,H,H,H,H,H,H,H,H,H,A,H,H,H,H,H,H,H,H,H,H,H,H,A,A,A,A,A,A,A,A,H,H,A,A,A,A,A,A,A,A,H,H,H,H,H,A,A,A,A,A,H,H,H,H,H,H,H,A,H,H
0.999174213592396,H,A,H,A,H,H,H,H,H,A,H,H,H,H,H,H,H,A,A,A,A,A,A,A,A,A,A,A,A,A,H,H,H,H,H,H,H,H,H,H,A,H,H,H,H,H,H,H,A,A,H,H,H,H,H,H,H,H,H,H,A,A,A,A,A,A,A,A,A,A,H,H,H,H,H,H,H,H,H,H,A,A,A,A,H,A,A,A,H,H,H,H,H,H,H,H,H,H,H,H
1.71401431276698,A,A,A,A,H,H,H,H,H,H,A,A,A,A,A,H,A,A,A,A,A,A,A,A,A,A,A,A,A,A,A,A,A,A,A,A,A,A,A,A,A,A,A,A,A,A,A,A,A,A,H,H,H,A,A,A,A,A,A,A,H,H,H,H,H,H,H,H,A,H,A,A,A,A,A,A,A,A,A,A,H,H,H,H,H,H,H,H,A,H,H,A,A,A,A,A,A,A,A,H
0.244747538630604,A,A,A,A,H,A,A,A,A,A,H,H,H,H,H,A,A,A,A,A,A,A,H,H,H,H,A,A,H,H,A,A,H,A,A,A,A,A,A,H,H,H,H,A,A,A,A,A,H,A,A,A,A,A,A,A,A,A,A,A,A,A,A,A,A,A,A,A,H,H,H,H,H,A,H,H,H,H,H,H,H,H,H,H,H,H,H,H,H,H,H,H,H,H,H,H,H,H,H,H
3.67692742388951,H,H,H,H,H,H,H,H,H,H,H,H,H,H,H,A,H,H,H,H,A,A,A,A,A,A,A,A,A,A,A,A,A,A,A,A,A,A,A,A,H,H,H,H,H,H,H,H,H,H,A,A,A,A,H,H,H,H,H,H,H,H,H,H,H,H,H,H,H,H,H,H,H,H,H,H,H,H,H,H,A,A,A,A,A,A,H,H,H,H,H,H,H,H,H,H,A,A,A,A
0.633328387619904,A,A,A,A,A,A,A,A,A,A,H,H,H,H,H,H,H,H,H,H,H,A,A,A,A,A,A,A,A,A,H,H,H,H,H,H,H,H,H,H,A,A,A,A,A,A,A,A,A,A,A,A,H,H,H,H,H,A,A,A,H,H,H,H,H,H,H,H,H,H,H,H,H,H,A,H,H,H,H,H,H,H,H,H,H,H,H,H,H,H,A,A,A,A,H,H,H,H,H,H
3.27394499323903,H,H,H,H,H,H,H,H,H,H,H,H,H,H,H,H,H,H,A,A,A,A,A,A,A,A,A,H,H,H,H,H,A,A,H,H,H,H,H,A,H,H,H,H,H,H,H,H,H,H,A,A,A,A,A,A,A,A,A,A,A,H,H,H,H,H,H,H,H,A,H,H,H,A,A,A,H,H,H,H,H,A,A,A,A,A,A,A,A,A,H,H,H,H,H,H,H,H,A,A
0.404707156876292,A,A,A,A,A,A,A,A,A,A,A,H,H,H,H,H,H,H,H,H,H,H,H,H,H,H,H,H,H,H,A,A,A,A,A,A,A,A,H,A,A,A,A,A,A,A,A,H,A,A,A,A,A,A,A,A,A,A,H,H,H,H,H,H,H,H,H,A,H,H,H,A,H,H,H,H,H,A,A,A,H,H,H,H,H,H,H,H,H,H,H,H,H,H,H,H,H,H,H,H
3.38399397310592,A,A,A,A,A,H,H,H,H,H,H,A,A,A,A,A,A,A,A,A,H,H,H,H,H,A,A,A,A,A,H,H,H,H,H,A,A,A,A,A,H,H,H,H,H,H,H,H,H,A,A,H,H,H,H,H,H,H,H,H,A,A,A,A,A,A,A,A,A,A,H,A,A,A,A,A,A,H,H,H,A,H,H,A,A,A,A,A,A,A,A,A,A,H,H,A,H,H,H,A
5.0151541033524,A,A,H,A,H,H,H,H,H,H,H,H,H,H,H,H,H,H,H,H,H,H,H,H,H,H,H,H,H,H,A,A,A,A,A,A,A,A,H,H,H,H,H,H,A,A,A,A,H,A,A,A,A,A,A,A,A,A,A,A,A,A,H,H,H,H,A,A,A,A,A,A,A,A,A,A,A,A,A,A,A,A,A,A,A,A,A,A,A,A,A,A,A,A,A,A,H,H,H,H
1.62912968479428,A,A,H,A,H,A,H,H,H,H,H,H,H,A,A,A,A,A,A,A,A,A,A,A,A,A,A,A,A,A,H,H,H,H,H,H,H,H,H,H,A,A,H,A,A,A,A,A,A,A,H,H,H,H,H,H,H,H,H,H,A,A,A,A,A,H,H,H,H,A,A,A,A,A,A,A,A,A,A,A,H,H,H,H,H,H,H,H,H,A,A,A,A,A,A,A,A,A,A,H
1.94417207626408,A,A,A,A,A,A,A,A,A,A,H,H,H,H,H,H,H,H,H,H,H,H,H,H,H,H,H,A,A,A,H,H,H,A,A,H,H,H,H,H,H,H,H,H,H,H,H,H,H,H,H,H,H,H,H,H,H,A,H,H,A,A,A,A,A,A,A,A,A,A,H,H,H,A,A,H,H,H,H,A,H,H,H,H,H,H,H,A,A,A,H,H,H,H,H,H,H,H,H,A
2.1538120715818,A,A,A,A,A,A,A,A,A,A,H,H,A,A,H,H,H,H,A,A,A,H,H,H,H,H,H,A,A,A,H,H,H,H,H,H,H,H,H,A,H,H,H,H,H,H,H,H,H,H,H,H,H,H,H,H,H,H,H,H,A,A,H,H,H,H,H,H,A,A,H,H,H,A,A,A,A,A,A,H,A,H,H,A,A,A,A,H,H,H,H,H,H,H,H,H,H,H,H,H
-0.256393005078552,H,H,H,H,A,A,H,A,A,A,H,H,H,A,H,H,H,A,A,A,A,A,A,A,A,A,H,H,H,H,H,H,H,H,H,H,H,H,H,H,H,A,A,H,H,A,A,A,A,A,A,A,A,A,A,H,H,H,H,H,A,A,A,A,A,A,A,A,A,A,H,H,H,H,H,H,H,A,A,A,A,A,A,A,A,A,A,H,H,H,A,A,A,A,A,A,A,A,A,H
-0.0751955335848054,H,H,H,A,A,A,A,A,H,H,H,H,H,H,H,H,H,H,H,H,H,H,H,H,H,H,H,H,H,A,A,A,A,A,A,A,A,A,A,A,A,A,H,A,A,A,A,A,A,A,A,A,A,A,A,A,A,A,A,H,A,A,A,A,H,H,H,H,H,H,A,A,H,H,H,H,H,H,H,H,H,A,A,A,A,A,A,A,A,A,A,A,H,A,A,H,H,H,H,H
1.12208392994041,A,A,H,H,H,H,H,H,H,H,A,A,A,A,A,A,H,A,A,H,A,A,A,H,H,H,H,H,H,H,A,A,A,A,A,A,A,A,A,H,A,A,A,A,A,A,A,A,A,A,A,A,A,A,A,H,H,H,H,H,H,H,H,H,H,H,H,A,A,H,A,A,A,A,A,A,A,A,A,A,H,H,H,H,H,H,H,H,H,H,A,A,A,A,A,A,A,A,A,A
-0.809359127441514,A,H,H,H,A,A,A,A,A,H,A,A,A,A,A,A,A,A,A,A,H,H,H,H,H,H,H,H,H,H,A,H,H,H,H,A,H,H,H,H,A,A,A,A,A,A,A,A,A,A,H,H,A,A,A,H,H,H,H,H,H,H,A,A,A,A,A,A,A,A,A,A,A,A,A,A,A,A,A,A,H,H,H,H,A,A,A,A,A,A,A,H,H,H,H,H,H,H,A,A
0.20958197702757,A,A,A,A,A,A,A,A,A,A,A,A,A,A,A,A,A,A,A,A,A,A,A,A,A,A,A,A,A,A,A,A,A,H,H,H,A,A,H,H,H,H,H,H,H,A,H,H,H,H,H,H,H,H,H,H,H,H,H,H,H,A,A,A,A,A,A,A,A,A,A,A,A,A,A,A,A,H,H,H,H,H,H,H,H,A,A,A,A,A,A,A,A,A,A,A,H,H,H,H
1.87131189134516,H,H,H,H,H,A,A,H,H,H,H,H,H,H,H,H,H,H,H,H,A,H,H,H,H,H,H,H,A,A,H,H,H,H,H,H,A,A,A,H,H,H,H,H,H,A,H,H,H,H,A,H,H,H,H,H,H,H,H,H,A,A,A,A,A,A,A,A,H,H,A,A,A,A,A,A,A,A,A,H,A,A,A,H,H,H,A,A,A,A,A,A,A,A,A,A,A,A,A,A
0.862113293235395,H,H,H,H,H,H,H,H,H,H,H,H,H,H,H,H,H,H,H,H,A,A,A,A,H,H,A,A,A,A,H,H,H,H,H,H,H,H,H,H,A,A,A,A,A,A,A,A,A,A,H,H,H,H,H,H,H,H,H,A,H,H,H,H,A,A,A,H,H,H,H,H,H,A,H,H,H,H,A,A,A,H,H,H,H,A,A,A,A,A,A,A,A,A,H,H,H,H,H,H
0.919830435425396,A,A,A,A,A,A,A,A,A,A,A,A,A,A,A,A,A,A,A,A,H,A,A,A,A,A,A,A,A,A,H,H,H,H,H,A,A,A,A,A,A,A,A,A,H,H,H,H,H,H,H,H,H,A,A,A,A,A,A,A,H,H,H,H,H,A,A,A,A,A,H,H,H,H,H,H,H,H,A,A,H,H,H,H,H,H,H,A,A,A,A,A,A,A,A,A,A,A,H,H
3.18006162744031,H,H,H,H,H,H,H,H,H,H,H,H,H,H,H,H,H,A,A,A,A,A,A,A,A,A,A,A,A,A,A,A,A,A,A,A,A,A,A,A,H,H,H,H,H,H,H,H,A,A,A,A,A,A,A,A,H,H,H,H,H,A,A,A,A,A,A,A,H,H,A,A,A,A,A,A,A,A,H,H,A,A,A,A,A,A,A,A,H,H,A,H,H,H,H,H,H,H,H,A
1.42403958848314,A,A,A,A,H,H,H,H,H,H,H,H,H,H,H,A,A,A,A,A,H,H,H,H,H,H,A,A,A,A,A,A,A,A,A,A,A,A,H,A,A,A,A,A,A,A,A,A,A,H,A,A,H,A,H,H,H,H,A,A,H,H,H,A,A,A,A,A,A,A,H,H,H,H,H,H,H,H,H,H,A,A,A,H,H,H,H,H,A,A,A,H,H,A,H,H,H,A,A,A
1.51361178516374,H,H,H,H,H,H,H,H,H,H,H,H,H,H,H,H,H,H,H,H,A,A,A,H,H,H,H,H,H,H,A,A,A,A,A,A,A,A,A,A,A,A,A,A,H,A,H,H,H,H,A,A,A,A,A,A,A,A,A,A,A,A,A,A,H,H,H,H,A,A,A,A,A,H,H,H,H,H,H,A,H,H,A,H,H,H,H,H,H,H,A,A,A,A,A,A,A,A,A,A
2.86726042151472,H,H,H,A,A,A,A,A,A,A,H,H,H,H,H,H,H,H,H,H,A,A,A,H,H,H,H,H,H,H,A,A,A,A,A,A,A,A,A,A,H,A,A,H,A,A,H,H,H,H,A,H,H,H,H,H,A,A,H,H,A,A,A,H,H,A,A,A,A,A,H,H,H,H,H,H,H,H,H,H,A,A,A,H,H,A,H,H,H,H,A,A,A,H,H,H,H,H,H,H
-1.33446963660132,A,A,A,A,A,A,A,A,A,A,A,A,A,A,A,A,H,H,A,A,A,A,A,H,A,A,A,A,A,A,A,A,H,A,A,A,A,A,A,A,A,A,A,A,A,A,H,H,H,H,A,A,A,A,A,A,A,A,A,A,H,H,H,H,A,A,H,H,H,H,A,A,A,A,H,H,H,H,H,H,H,H,H,H,H,A,A,A,A,A,H,H,H,H,H,H,H,H,H,H
1.18249599749111,A,A,A,A,A,A,A,A,A,A,A,A,A,A,A,H,A,H,H,H,A,A,A,A,A,A,A,A,A,A,H,H,H,H,H,H,H,H,H,H,H,H,H,H,H,H,H,H,H,H,A,A,A,A,A,A,H,A,A,A,H,H,H,H,H,H,H,H,H,H,A,A,A,A,A,A,A,A,H,H,A,A,A,A,A,A,A,A,A,A,H,H,H,H,H,H,H,A,H,H
2.1512552414805,A,H,H,H,H,H,H,H,H,H,H,A,A,A,A,A,A,A,A,A,A,A,A,A,A,A,A,A,A,A,A,H,H,H,H,H,H,H,H,H,H,H,A,A,A,H,H,H,H,H,A,A,A,A,A,A,A,A,A,A,H,H,H,H,H,H,H,H,H,H,A,A,A,H,H,H,H,H,H,H,H,H,H,H,H,H,H,H,H,H,H,H,H,H,H,A,A,A,A,A
2.75965885252721,H,H,H,H,H,H,H,H,A,A,H,H,H,H,H,H,H,H,H,H,H,A,A,A,A,A,A,H,H,H,H,H,H,H,A,A,A,A,A,A,H,H,H,H,H,H,A,A,A,A,A,A,A,A,A,A,A,A,A,A,A,A,A,A,A,A,A,A,H,H,H,H,H,H,H,H,H,H,H,H,H,H,H,H,H,A,H,H,H,A,A,A,A,A,A,A,A,A,A,H
0.555422679648228,A,A,A,A,A,A,A,A,A,A,A,A,A,A,A,A,A,A,A,A,H,H,H,H,H,A,A,A,A,A,A,A,A,A,A,A,A,A,H,H,H,H,H,H,H,H,H,H,H,H,A,A,A,A,A,A,A,A,A,A,A,A,A,A,H,H,H,H,H,H,H,H,H,H,H,H,A,H,H,A,H,H,H,H,H,H,A,A,A,A,H,H,H,H,H,H,H,H,H,H
2.95805974110148,A,A,H,H,H,H,H,H,H,H,H,H,H,H,H,H,H,H,H,H,H,H,H,H,H,H,H,H,A,A,A,A,A,A,A,A,A,A,A,A,A,A,A,H,A,A,A,H,H,H,H,H,H,H,H,H,H,H,H,H,A,A,A,A,A,A,A,A,A,A,H,H,H,H,H,H,H,H,H,H,A,A,H,H,H,H,H,A,A,H,H,H,H,H,H,H,H,H,H,H
0.808985005066109,A,A,A,A,A,A,A,H,H,H,H,H,H,H,H,H,H,H,H,A,H,H,H,H,H,H,H,H,H,H,A,A,A,H,H,H,H,H,H,H,A,A,H,H,H,H,H,H,H,H,A,A,A,A,A,A,H,H,H,H,H,H,H,H,H,H,H,H,H,H,H,H,H,H,H,H,H,H,H,A,H,A,A,A,A,A,H,H,H,H,H,H,H,H,H,H,A,A,A,H
0.389291820345315,H,H,H,H,A,A,A,A,A,A,H,H,H,H,A,H,H,H,H,H,H,H,H,H,H,H,A,H,H,H,H,H,H,H,H,H,H,H,H,H,H,H,H,H,H,H,H,H,H,H,A,A,A,A,A,A,A,A,A,H,A,A,A,A,A,A,A,A,A,H,H,H,H,H,H,H,H,H,H,H,A,A,A,A,A,A,A,A,A,A,H,H,H,H,H,H,H,H,H,H
1.4904164660718,H,H,H,H,H,H,A,A,A,H,A,A,H,H,H,H,H,H,H,A,A,H,H,A,A,A,A,A,A,A,A,A,A,A,H,H,H,H,H,H,A,A,A,A,A,H,H,H,H,H,A,A,A,H,H,H,H,H,H,H,H,H,H,H,A,A,A,A,A,A,A,A,A,A,A,A,A,A,A,H,H,H,A,A,A,A,A,A,H,A,H,H,H,H,H,H,H,H,H,H
0.181466727279197,H,H,A,A,A,A,A,H,H,H,H,H,H,A,A,A,A,A,H,H,A,H,H,H,H,H,H,A,A,A,H,H,H,H,H,H,H,H,H,H,A,A,A,A,A,A,A,A,A,A,H,H,A,A,A,H,H,H,H,H,H,H,H,H,H,H,H,H,H,H,A,A,A,A,A,A,A,A,H,H,A,A,A,A,A,A,A,A,A,A,A,A,A,A,A,A,A,A,A,A
2.5269994384694,H,H,H,H,H,H,H,H,H,H,A,A,A,A,A,A,A,H,A,A,H,H,H,H,H,H,H,H,H,H,H,H,H,H,H,A,A,A,A,H,H,H,H,H,H,H,H,H,H,A,H,H,H,H,H,H,H,H,H,A,H,H,H,H,H,A,A,A,A,A,H,H,H,A,A,H,H,H,H,A,H,A,A,A,A,A,A,H,A,A,A,A,A,A,A,A,H,H,H,H
1.18219101666966,H,A,A,A,A,H,H,H,H,A,A,A,A,A,H,A,A,A,A,A,A,A,A,A,A,A,A,A,A,A,A,A,A,A,A,A,A,A,A,A,A,H,A,A,A,A,A,A,A,A,A,A,A,A,A,A,H,H,H,A,A,A,A,A,A,A,A,A,A,A,H,H,H,H,A,H,H,H,H,H,A,A,A,A,A,A,A,A,A,A,A,A,A,H,H,H,H,A,A,A
3.42578797687036,H,H,H,H,H,A,A,A,A,A,A,A,A,A,A,A,A,A,H,H,A,H,H,H,A,A,A,A,A,A,A,A,A,A,A,A,A,A,A,A,H,H,H,H,H,H,H,H,H,H,H,H,H,H,H,H,H,H,H,H,A,A,A,A,A,A,H,A,H,H,H,H,H,H,H,H,H,H,H,H,H,H,H,H,H,H,H,H,H,H,H,H,H,H,H,H,H,H,H,H
3.34100982028255,A,A,H,H,H,H,A,A,A,A,A,A,A,A,A,A,A,A,A,A,A,A,A,A,A,A,A,A,A,A,H,H,H,H,H,A,H,H,H,H,H,H,H,H,H,H,H,H,H,H,H,H,H,H,H,H,H,H,H,H,H,A,A,A,H,H,H,H,H,H,A,A,A,A,A,A,A,A,A,A,H,H,H,H,H,H,H,H,A,A,H,H,H,H,H,H,H,H,A,A
0.337389131458351,A,A,A,A,A,A,A,A,H,A,A,A,H,H,H,H,H,H,H,H,A,A,A,A,A,A,A,A,A,A,H,H,H,H,H,H,H,H,H,H,H,H,H,H,H,H,A,A,A,A,A,H,H,A,A,A,A,A,A,A,H,A,A,A,A,A,A,A,A,H,A,H,H,H,H,H,H,H,A,A,H,H,H,H,H,H,H,H,A,A,A,A,A,H,H,H,H,A,A,A
2.39668914026635,H,H,H,H,H,H,H,H,H,H,H,H,H,H,A,A,A,A,A,A,H,A,A,A,A,H,H,H,H,H,A,A,A,A,A,A,A,A,A,A,A,A,A,A,A,A,A,A,A,A,A,A,A,A,A,H,H,H,H,H,H,H,H,H,H,H,A,H,H,H,A,A,A,A,A,H,H,A,A,A,A,A,A,A,A,A,H,A,A,A,A,H,A,A,A,A,A,A,H,H
0.0529047314288295,H,H,H,H,H,A,A,A,A,A,H,A,H,H,H,H,H,H,H,H,H,H,H,H,H,H,H,H,H,H,A,A,A,A,A,A,A,A,A,A,A,A,A,A,H,H,H,H,H,H,A,A,H,H,A,A,A,A,H,A,H,H,H,H,H,H,H,H,H,H,H,H,H,H,H,H,H,A,A,A,A,A,A,A,A,A,A,A,A,H,H,H,H,H,H,H,H,H,H,H
0.845817573469817,A,A,A,A,A,A,A,H,H,H,A,A,A,A,A,A,A,A,A,A,H,H,H,H,H,H,H,H,H,H,H,H,A,H,H,H,H,H,H,H,A,A,A,A,A,A,H,H,H,H,H,H,H,H,A,A,A,A,A,H,H,A,A,A,A,A,A,A,A,H,A,H,H,H,H,A,A,A,A,H,A,A,A,A,A,A,A,A,A,A,H,H,H,H,H,H,H,H,H,H
1.85509388117499,A,A,A,A,A,H,H,H,H,H,A,A,H,A,A,A,H,H,H,H,A,A,A,A,A,A,A,H,H,H,H,H,H,H,H,H,H,H,A,A,A,A,A,A,H,H,H,H,H,H,H,H,H,H,H,H,H,H,H,H,A,A,A,A,A,A,A,A,A,A,A,A,A,A,A,A,A,A,A,A,A,H,H,H,H,H,H,H,H,H,H,A,A,A,A,A,A,A,A,A
2.05641341194969,H,H,H,H,H,H,A,A,A,A,H,H,H,A,H,H,H,H,H,H,H,H,H,H,H,H,H,H,A,A,A,A,A,A,A,A,A,A,A,H,H,H,H,H,H,H,H,H,H,H,H,H,H,H,H,H,A,H,H,H,A,A,A,A,A,A,A,H,H,H,H,H,H,H,H,H,H,H,A,H,A,A,A,A,A,H,H,H,H,H,H,H,H,H,H,H,H,H,H,H
0.196855630797581,H,H,H,A,A,A,A,H,H,H,H,H,H,H,H,H,H,H,H,H,A,A,H,H,A,H,H,H,H,H,H,A,A,A,A,A,A,A,A,A,A,A,A,A,A,A,A,A,A,A,A,A,A,A,A,A,A,A,A,A,A,H,H,H,H,H,H,H,H,H,H,A,H,H,A,A,A,A,A,A,H,H,H,H,H,H,H,H,H,H,A,A,A,A,A,A,A,A,A,A
1.950140004221,H,H,H,H,H,H,H,H,H,H,A,A,A,A,A,A,A,H,H,H,H,H,H,H,H,A,A,A,A,A,H,H,H,H,H,H,H,H,H,H,H,H,H,H,H,H,H,H,H,H,A,A,A,H,H,H,H,H,A,A,H,H,H,H,H,H,H,H,H,H,H,H,A,A,A,A,A,A,A,A,H,H,H,H,H,H,H,A,A,A,H,H,H,H,H,H,H,A,A,A
1.17969648574445,H,H,H,H,H,H,H,H,A,A,A,A,A,A,A,A,A,H,H,H,H,H,H,H,H,H,H,H,H,H,A,A,A,A,A,A,A,A,A,A,A,A,A,A,A,A,H,H,H,H,A,A,A,A,A,A,A,A,A,A,H,H,H,H,A,A,A,A,A,A,H,H,H,H,H,H,H,H,H,H,H,H,H,H,H,H,H,H,H,H,H,H,H,H,H,H,H,H,H,H
3.19941740178558,H,H,H,H,H,H,H,A,A,A,A,A,A,A,A,A,A,A,A,A,A,A,A,A,A,H,H,H,H,H,A,H,H,H,H,H,H,A,A,A,A,A,A,A,A,A,A,A,A,H,H,H,H,A,A,A,A,A,A,A,A,A,A,A,A,A,A,A,A,A,A,A,A,H,H,H,H,H,H,H,A,A,A,A,A,A,A,H,H,H,A,A,A,H,H,H,H,H,A,A
3.91005385066894,H,H,H,H,H,H,H,H,H,A,A,A,A,H,H,H,H,H,H,H,A,A,A,A,A,A,A,H,H,H,A,A,A,A,A,A,A,A,A,A,H,H,H,H,H,A,H,H,A,A,A,A,H,H,H,A,A,A,A,A,H,H,H,H,H,H,H,A,A,A,H,A,A,A,A,A,H,H,H,H,H,H,H,H,H,H,H,H,H,H,A,A,A,A,A,A,A,A,A,H
-0.418286387805029,H,A,A,A,A,A,A,A,A,A,A,H,H,H,H,H,A,A,A,A,H,H,A,A,H,H,H,H,H,H,A,A,A,H,H,H,H,H,H,H,A,A,A,A,A,A,A,A,A,A,H,H,H,H,H,H,H,H,H,H,H,H,H,H,H,H,H,H,H,H,A,A,A,A,A,A,A,A,H,A,H,A,A,H,H,H,H,A,A,A,H,H,H,H,H,H,H,H,H,H
1.0120409532085,H,H,H,H,H,H,H,A,A,A,H,H,H,H,H,H,H,H,H,H,A,A,A,A,A,A,A,H,A,A,H,H,H,H,H,H,H,H,H,H,A,A,A,A,A,A,A,H,H,H,A,A,A,H,A,A,A,A,A,A,H,H,H,H,H,H,H,H,H,H,A,A,A,A,A,A,H,H,A,A,H,H,H,H,H,H,H,A,A,A,A,A,H,H,H,H,H,H,H,H
3.7090469230093,A,A,A,A,H,H,H,H,A,A,H,H,H,H,H,H,H,H,H,H,A,A,A,A,A,H,H,H,H,H,A,A,H,H,H,H,H,A,A,A,A,H,H,H,A,A,A,H,H,H,H,H,H,H,H,H,H,H,H,H,A,A,A,A,A,A,A,A,A,A,H,H,H,H,H,A,A,H,H,H,H,H,H,H,A,A,A,A,A,A,H,H,H,H,H,H,H,A,A,A
-0.0120161097220343,A,A,A,A,A,A,A,A,A,A,A,A,A,A,A,A,A,A,A,A,A,A,A,A,A,A,A,A,A,A,H,H,A,A,A,A,A,A,A,A,A,A,A,A,A,A,A,A,A,H,H,H,H,H,H,H,H,H,H,H,A,A,A,A,A,A,A,A,H,H,H,H,H,A,A,A,A,A,A,A,H,A,A,A,A,A,A,A,A,A,H,H,H,H,H,H,H,H,H,H
1.33607495489828,A,H,A,A,A,A,A,A,A,A,H,H,H,A,A,A,A,A,A,A,A,A,A,A,A,A,A,A,A,A,H,H,A,A,A,H,A,A,A,A,H,H,A,H,H,H,H,H,H,H,A,A,A,A,A,A,H,H,H,H,H,H,H,H,H,H,H,H,H,H,H,H,H,H,A,A,A,A,A,A,A,A,A,A,A,H,A,A,A,A,H,H,H,H,H,H,H,A,A,A
-0.062635941313421,H,H,H,A,A,A,A,A,A,A,H,H,A,A,A,A,A,A,H,H,A,A,A,H,H,H,H,H,H,H,H,H,H,H,A,H,H,H,H,H,A,A,A,A,A,A,A,A,A,A,H,A,A,A,A,A,H,H,H,H,A,A,H,H,H,H,H,H,H,H,H,H,H,H,H,H,H,H,H,H,A,A,A,A,H,H,A,A,A,A,A,A,A,A,A,A,A,A,A,A
3.6795813673444,H,H,A,A,A,H,H,H,H,A,H,A,H,H,H,H,H,H,H,H,H,H,H,A,A,A,A,A,A,A,A,A,H,H,H,H,H,H,H,H,H,H,H,A,H,H,H,H,H,H,A,A,A,A,A,A,A,A,A,H,A,A,A,A,A,H,H,H,H,H,H,H,A,H,H,H,H,H,H,H,A,A,A,A,A,A,A,H,H,H,H,H,H,H,H,H,H,A,A,A
1.79133728995703,H,H,H,H,H,A,H,H,H,A,A,A,A,A,A,A,A,H,H,H,A,A,A,A,A,A,A,H,H,H,A,A,A,A,A,A,A,A,A,A,A,A,A,A,A,H,H,H,H,H,A,A,A,A,A,A,A,A,A,A,H,H,H,H,H,H,H,H,H,H,A,A,A,A,A,A,H,H,H,H,A,A,A,A,A,H,H,H,H,H,H,H,H,H,H,H,A,H,H,H
0.762208459313525,A,A,A,A,A,A,A,A,A,A,A,A,H,H,A,A,A,A,A,H,H,H,H,H,H,H,H,H,H,A,H,H,H,H,H,H,H,H,H,H,H,H,H,H,H,H,H,H,A,A,H,H,H,H,H,H,H,H,H,H,A,A,A,A,A,H,H,H,H,H,A,H,A,A,A,A,H,H,H,H,H,H,H,H,A,A,A,A,A,A,A,A,A,A,A,A,A,A,A,A
3.36397939164901,H,H,H,H,H,H,H,H,H,H,H,H,H,H,H,H,H,H,H,H,H,H,H,H,H,H,H,H,H,H,H,H,H,H,H,A,A,H,H,H,A,A,H,H,H,H,H,H,H,H,H,H,H,A,A,A,A,A,A,A,A,A,A,A,A,A,A,A,A,A,A,A,A,A,A,A,A,A,A,A,H,H,H,H,H,H,H,H,H,H,A,A,A,H,A,A,A,A,A,A
0.944293568577387,H,A,A,A,A,A,H,H,H,H,H,H,H,H,H,H,H,H,H,H,A,A,A,A,A,A,A,A,H,H,A,A,A,H,H,H,H,H,H,H,H,H,A,A,A,A,A,H,H,H,H,H,A,A,A,A,A,A,H,H,H,H,H,A,A,A,A,A,A,A,A,H,H,H,H,H,H,H,A,H,A,H,H,A,A,A,A,A,A,H,A,A,A,A,A,H,H,H,H,A
1.5018334404075,A,A,A,A,A,A,A,A,A,A,A,A,A,A,A,H,H,H,H,H,A,H,H,H,H,H,H,A,A,A,H,H,H,H,H,A,A,A,H,H,A,A,A,H,H,H,H,H,H,H,H,H,H,H,H,A,H,A,A,A,H,H,H,H,H,H,H,H,H,H,H,H,H,H,H,H,H,H,H,H,H,A,A,A,A,A,A,A,A,A,H,H,H,A,A,A,A,A,A,A
1.51691082297951,A,A,A,A,A,A,H,H,H,H,A,A,A,H,H,H,H,H,H,H,H,H,H,H,H,H,H,H,H,H,H,H,H,H,H,A,A,A,A,H,H,H,A,A,A,H,H,H,H,H,H,H,H,H,H,H,H,H,A,A,A,A,A,H,H,H,H,H,H,H,A,A,A,A,A,A,A,A,A,A,H,H,H,H,H,H,H,H,H,H,A,A,A,A,A,A,A,A,A,A
1.09183319926489,H,H,H,H,H,A,H,H,H,H,A,A,H,A,A,A,A,A,H,H,A,H,H,H,H,H,H,H,A,A,A,A,A,A,A,H,H,H,A,A,A,A,A,H,A,A,A,A,A,A,H,A,A,H,H,H,H,A,A,A,A,H,H,H,H,A,H,H,H,A,H,H,H,H,H,H,H,H,H,H,H,H,H,H,A,A,A,A,A,A,A,A,A,A,A,A,A,A,H,H
0.805093612643009,A,A,H,H,H,A,A,A,A,A,A,A,A,A,A,A,H,H,H,A,H,H,H,H,H,H,H,H,H,A,A,A,A,H,H,A,A,A,A,A,A,A,H,H,H,H,H,H,H,A,A,A,A,A,A,A,A,A,A,A,H,H,A,A,A,A,A,A,A,A,H,H,A,A,A,A,A,H,H,H,A,A,A,A,A,A,A,A,A,A,A,A,A,H,H,H,H,H,H,H
0.560471535988548,H,H,H,A,A,A,A,A,A,A,H,H,H,H,H,H,H,A,A,A,H,H,H,H,H,H,A,A,A,H,A,A,A,A,A,A,A,A,A,H,H,H,H,H,H,H,H,H,A,A,H,H,H,H,H,H,H,H,A,A,H,H,H,H,H,H,H,H,H,H,A,H,H,H,H,H,A,A,A,A,A,A,A,A,A,A,A,A,A,A,A,A,A,H,H,H,H,H,H,H
0.911126439095812,A,A,A,A,A,A,A,A,A,A,H,H,H,A,A,A,A,A,A,H,H,H,H,H,H,H,H,H,A,A,H,H,H,H,H,H,H,H,H,H,A,A,A,A,A,A,A,A,A,A,H,H,H,H,H,H,H,H,H,H,H,H,H,H,H,H,H,H,H,H,H,H,H,A,A,H,H,H,H,H,H,H,H,H,A,A,A,A,A,A,A,A,A,A,A,H,A,A,A,A
2.46494881573671,A,A,A,H,H,H,H,H,H,H,A,H,H,H,H,H,H,H,H,H,H,A,A,A,A,A,A,A,A,A,A,A,A,A,A,H,H,H,H,H,H,H,H,A,A,A,A,A,A,A,H,H,H,H,A,A,A,A,A,H,H,A,A,A,A,A,A,A,A,A,A,A,A,A,A,A,H,H,H,H,H,H,H,H,H,H,H,H,H,H,H,A,H,H,H,H,H,H,A,A
2.26079882685531,H,H,H,H,H,H,A,A,A,A,H,H,H,H,H,H,H,A,H,A,H,A,A,A,A,A,A,A,A,H,A,A,A,A,A,A,H,H,H,H,H,H,H,H,H,H,H,H,H,H,A,H,H,H,H,H,H,A,H,H,A,A,H,H,H,H,A,A,A,H,H,H,H,H,A,A,A,A,H,H,A,A,A,A,A,H,H,H,H,H,H,H,H,H,H,H,H,H,A,A
-1.98269562359039,A,A,A,A,A,A,A,A,A,A,A,A,A,A,A,A,A,A,A,A,A,A,A,A,A,A,H,H,H,H,H,H,A,A,H,H,H,H,H,H,H,H,H,H,H,H,H,H,A,A,A,A,A,A,A,A,A,A,H,H,A,A,A,A,A,A,A,A,A,H,H,A,A,A,A,A,A,A,A,A,A,A,H,A,A,A,A,A,A,H,A,A,A,A,H,H,H,H,H,A
0.130681014649672,H,H,H,H,H,A,H,H,H,H,H,H,H,A,A,H,H,H,H,H,A,A,A,A,A,A,A,A,A,A,A,A,A,A,A,A,A,A,A,H,A,A,A,A,A,A,A,H,H,H,A,A,H,H,H,H,A,A,A,H,H,H,A,A,A,A,A,A,A,A,A,A,A,A,A,A,A,A,A,A,A,A,A,A,A,A,A,A,A,A,H,H,H,H,H,H,H,H,H,H
2.34286202739825,H,H,H,H,H,H,A,H,A,A,A,A,H,H,H,H,A,H,H,H,H,H,H,H,H,H,H,A,H,H,A,A,A,H,H,H,H,H,A,A,H,H,H,H,H,H,H,A,A,A,A,A,A,A,A,A,A,H,A,A,A,A,A,H,A,A,A,A,A,A,H,H,H,H,H,H,H,H,A,A,A,A,A,A,A,A,A,H,H,H,A,A,A,A,A,A,A,A,A,A
5.26047601791108,H,H,H,H,A,H,H,A,A,A,H,H,H,H,H,H,H,A,A,A,A,A,A,A,A,A,A,H,H,H,H,H,H,H,H,H,H,H,H,H,H,H,H,H,H,H,H,H,H,H,A,A,A,H,H,H,H,H,A,A,A,A,A,A,A,A,A,A,A,H,A,A,H,H,H,H,H,A,A,A,A,A,A,A,A,A,A,A,A,A,A,A,A,H,H,H,H,H,H,H
0.373423356376488,H,H,H,H,H,H,H,H,H,H,H,A,A,A,A,A,A,A,A,A,H,H,H,H,H,H,H,H,A,A,A,A,A,H,H,H,H,H,H,H,A,A,A,A,A,A,A,A,A,A,A,H,H,H,A,A,A,A,A,A,H,A,A,A,A,H,H,H,H,H,H,H,H,A,A,A,A,H,H,H,H,H,H,A,H,H,A,A,A,A,A,A,A,A,A,A,A,H,H,H
3.31976729965063,A,A,A,A,H,H,H,H,A,A,H,H,H,A,H,H,H,H,H,H,A,A,A,A,A,H,H,H,H,H,A,A,A,A,H,A,A,A,A,A,H,H,H,H,H,A,A,A,H,H,H,H,H,H,H,H,H,A,A,A,A,A,A,A,H,H,H,H,H,H,A,A,A,A,A,A,A,A,A,A,A,H,H,H,H,H,H,H,H,A,A,A,A,A,A,A,A,A,A,A
0.570563100931501,A,A,A,A,A,A,H,H,H,H,H,H,H,A,A,A,A,A,A,A,A,A,A,A,A,A,H,H,H,H,H,H,H,H,H,A,H,H,H,H,A,A,A,A,A,A,H,H,H,H,A,A,A,A,H,A,A,H,H,H,H,H,H,H,A,A,A,A,A,A,H,H,A,A,A,A,A,A,A,A,A,A,A,A,A,A,H,H,A,A,A,A,A,H,H,H,H,H,H,H
0.976778829110581,A,A,A,A,A,A,A,A,A,A,H,H,H,H,H,H,H,H,H,H,H,H,H,H,H,A,A,A,A,H,A,A,A,A,A,A,A,A,A,A,H,H,H,H,H,H,A,A,A,A,A,A,A,H,H,H,H,H,H,A,H,A,A,A,A,A,A,A,A,A,H,H,H,H,H,H,H,H,H,H,H,H,H,H,H,H,H,H,A,H,H,H,H,H,H,H,H,H,H,H
1.40978367126378,H,H,H,A,A,A,A,A,H,H,H,A,A,A,A,A,A,A,A,H,A,A,A,A,H,H,H,H,H,H,H,A,H,H,H,H,H,H,H,H,H,H,H,H,H,H,H,H,H,H,H,H,H,H,H,H,H,H,A,A,A,A,A,A,A,A,A,A,A,A,A,A,A,A,A,H,H,H,H,H,H,H,H,H,H,H,H,H,H,H,A,A,A,A,A,A,A,A,H,H
1.87627801625851,A,A,A,A,A,A,A,A,H,A,H,H,H,H,H,H,A,H,H,H,A,A,A,A,A,H,H,H,A,H,H,H,H,H,H,H,H,H,A,A,A,A,A,H,A,A,A,A,A,A,H,H,H,H,H,H,H,H,H,H,A,A,A,A,A,A,A,A,A,H,A,A,A,A,A,A,H,H,H,H,H,H,H,A,H,H,H,H,H,H,H,H,H,H,H,A,A,H,H,H
0.794000586277746,A,A,A,A,A,A,A,A,A,A,A,A,A,A,A,A,A,A,A,A,H,H,H,H,H,H,H,H,H,H,H,H,H,H,H,H,H,A,H,H,A,A,H,H,H,H,H,H,H,H,A,A,A,A,A,A,A,A,A,A,A,A,A,A,A,H,A,A,A,A,A,H,H,H,A,H,A,A,A,A,A,A,H,H,H,H,H,H,H,H,A,A,A,A,A,A,A,A,A,A
1.87842616955699,H,H,H,H,H,H,A,H,A,A,A,A,A,A,A,A,A,A,A,A,A,H,H,A,A,A,A,A,A,A,A,A,A,A,H,H,A,A,A,A,H,H,H,H,H,H,H,H,H,H,A,A,A,A,A,A,A,A,A,A,H,H,H,H,H,H,H,H,H,H,A,A,A,H,A,A,A,A,A,A,H,H,H,H,H,H,H,H,H,H,A,H,A,A,A,A,A,A,A,A
1.88459984481831,A,A,H,H,H,H,H,H,H,H,A,A,A,A,A,A,A,A,A,A,A,A,A,A,A,A,A,A,A,A,A,A,A,A,A,A,A,H,A,A,H,H,H,H,H,H,H,H,H,A,H,A,A,A,A,H,H,H,H,H,A,A,H,H,H,H,H,H,H,H,A,A,A,A,A,A,A,A,A,A,A,A,A,A,A,A,A,A,A,A,H,H,H,H,H,A,A,A,A,A
-2.18805274220316,A,A,A,A,A,A,A,A,A,A,A,A,A,A,A,A,A,A,A,A,H,H,H,H,H,H,H,H,H,H,H,H,H,H,H,H,H,H,H,H,A,A,A,A,A,A,A,A,A,H,A,A,A,A,A,A,H,H,H,H,A,A,A,A,A,A,A,A,A,A,H,H,H,H,H,H,H,H,H,A,A,A,A,A,A,A,A,A,A,A,A,A,A,A,A,A,A,A,A,A
1.26508842326045,H,H,H,H,H,H,H,H,H,H,H,H,A,H,H,H,H,H,A,A,H,H,H,H,H,A,A,H,H,H,A,A,H,H,H,H,H,H,H,H,A,A,A,A,A,A,A,A,A,A,H,H,H,H,H,H,H,H,H,A,A,A,A,A,A,A,A,A,H,H,A,A,H,A,H,H,H,A,A,A,A,A,A,A,A,A,A,A,A,A,A,A,A,A,A,A,A,A,H,H
1.48636531103731,A,A,H,H,H,H,H,H,H,H,H,H,H,H,H,H,H,A,A,A,H,H,H,H,H,H,H,H,H,H,H,H,H,A,A,A,A,A,A,A,A,A,A,A,A,A,A,A,A,A,H,H,H,A,A,A,H,H,H,H,H,H,H,H,H,H,H,H,H,H,A,H,H,H,H,H,H,H,A,A,A,A,A,A,H,H,H,A,A,A,H,H,H,H,A,A,A,A,H,H
2.85423596071885,H,H,H,H,H,H,H,A,A,A,A,A,A,A,H,H,H,H,H,H,H,H,H,H,H,A,A,A,A,A,A,A,A,A,A,A,A,A,H,A,A,A,A,A,A,A,A,A,H,H,H,H,H,H,H,H,H,H,H,H,H,H,H,H,H,H,H,A,H,H,H,H,H,A,H,H,H,H,H,H,A,A,A,A,A,A,A,H,H,H,H,A,A,A,A,A,A,A,H,H
1.52981569610681,A,A,A,A,A,A,A,A,A,H,H,A,A,A,H,H,H,A,A,A,A,A,A,A,H,H,H,H,H,H,A,A,A,A,A,A,A,H,H,H,A,A,H,H,H,A,A,H,H,H,A,A,A,A,A,A,A,A,A,A,H,H,A,A,A,A,A,A,A,A,A,A,A,A,A,A,A,A,H,A,H,H,H,H,H,H,H,H,H,H,H,H,H,H,H,H,H,H,H,H
0.870229375110544,A,A,A,A,A,A,A,A,H,H,A,A,A,A,H,A,A,A,A,A,A,A,A,A,A,A,A,H,H,H,A,A,A,A,A,A,A,A,A,A,H,H,A,A,A,H,H,H,H,H,A,A,A,A,A,A,A,H,H,H,H,A,H,H,H,H,H,A,A,A,A,A,A,A,A,A,A,A,A,A,H,H,H,H,H,H,H,H,H,H,A,A,A,A,A,A,A,A,H,A
1.3589153608361,A,A,H,H,H,H,H,H,H,H,H,H,H,H,H,H,A,A,A,A,H,H,H,H,H,H,A,A,A,A,H,H,H,H,H,H,H,H,H,H,H,H,H,H,H,H,H,A,A,A,A,A,A,A,A,A,A,A,A,A,A,A,A,A,A,A,A,A,A,A,H,H,H,H,H,H,H,H,H,H,A,A,A,A,A,A,A,A,A,A,H,H,H,H,A,A,A,A,A,A
3.00782949190378,H,H,H,H,H,H,H,H,H,A,A,A,A,A,A,A,A,A,H,H,H,H,H,H,H,H,H,H,A,A,A,A,A,A,A,A,A,A,A,A,A,H,H,H,H,H,H,H,H,H,A,A,A,H,H,A,A,A,A,A,H,H,A,A,A,A,A,A,A,H,A,A,A,A,H,H,H,H,H,H,A,A,A,A,H,H,A,A,A,A,H,H,A,H,H,H,H,H,H,H
1.685521996196,H,H,H,H,A,H,H,H,H,H,A,H,H,H,H,H,H,H,H,A,H,H,H,H,A,A,A,A,A,A,H,H,H,H,A,A,A,A,A,A,H,H,H,A,A,A,A,A,A,A,H,H,H,H,H,H,H,H,H,H,A,A,A,A,A,A,A,A,A,A,A,A,A,A,H,H,H,H,H,H,A,A,A,A,A,A,A,A,A,A,H,H,H,H,H,H,H,H,H,H
0.275380742358604,H,H,H,A,A,A,A,A,A,A,H,A,A,A,A,A,A,A,A,A,A,A,A,A,A,A,A,A,A,A,A,A,A,A,H,H,H,H,H,H,A,A,A,A,A,A,A,A,A,A,H,H,H,H,H,A,A,H,A,A,H,H,H,H,H,H,H,H,H,H,H,A,A,A,A,A,A,A,A,A,H,H,H,H,H,H,H,H,H,H,H,H,A,A,A,A,A,A,A,A
3.17252010175663,H,H,H,H,H,H,H,H,A,A,A,A,A,A,A,A,A,A,A,A,H,H,H,H,A,A,A,A,A,H,A,A,A,H,H,H,H,H,H,H,A,A,A,A,A,A,A,H,H,H,A,A,A,A,A,A,A,A,A,A,A,A,A,A,H,H,A,A,A,H,A,A,A,A,A,A,A,A,A,A,A,A,A,A,A,A,A,A,A,A,H,H,H,H,H,H,H,H,H,A
-0.313688752013483,A,A,A,A,A,A,A,A,A,A,A,A,A,A,A,A,A,A,A,A,H,H,H,H,H,H,A,A,A,A,A,A,A,A,A,A,A,H,H,H,H,H,H,H,H,H,H,H,H,H,H,H,H,H,H,A,A,A,A,A,A,A,A,A,A,H,H,H,H,H,A,A,A,H,H,H,A,A,A,A,H,H,A,A,A,A,A,A,A,A,H,H,H,H,H,H,H,H,H,H
1.48270321354626,A,H,H,H,H,H,H,H,H,A,A,H,H,H,H,H,H,H,H,H,H,H,H,H,H,H,H,H,H,H,A,A,A,A,H,H,H,H,H,H,H,A,A,A,A,A,A,A,H,A,A,A,A,A,A,H,H,H,H,H,H,H,A,H,H,H,H,H,H,H,A,A,A,A,A,A,A,A,A,A,A,A,A,A,H,H,A,H,H,H,H,H,H,H,H,H,H,H,H,H
2.42391245915298,H,H,H,H,H,H,H,H,H,H,A,A,A,A,H,H,H,H,H,H,A,A,A,H,H,H,H,H,H,H,H,H,H,A,H,H,H,H,H,H,H,H,H,H,H,H,H,H,H,A,H,H,H,H,H,A,H,H,A,A,A,A,A,A,A,A,A,A,A,A,A,H,A,H,A,A,A,A,A,A,A,A,A,A,H,H,H,H,H,H,A,A,A,H,H,H,H,H,H,H
0.617476455000004,A,H,H,A,A,A,A,A,A,A,A,A,A,A,A,A,A,A,A,A,H,H,H,H,H,H,H,H,H,H,A,A,A,A,A,A,A,A,A,A,A,A,A,A,A,A,A,A,A,A,H,H,H,H,H,H,H,H,H,H,H,A,A,A,A,H,H,H,H,H,A,A,A,A,A,A,A,A,H,H,H,H,A,A,A,A,A,A,A,A,H,H,H,H,H,H,H,H,H,A
4.53573439062658,H,H,H,H,H,A,A,A,A,A,A,A,A,A,A,A,A,A,A,A,A,A,A,A,A,A,A,A,A,A,A,A,A,A,H,H,H,H,H,H,H,A,H,H,H,H,H,H,H,H,A,A,H,H,H,H,H,H,H,H,H,H,H,H,H,H,H,H,H,H,A,A,A,A,A,A,A,A,A,A,H,H,H,H,H,H,H,H,H,H,H,H,A,A,A,A,A,A,A,A
-2.20255937835009,A,A,A,A,A,A,H,H,H,H,A,A,H,H,A,A,A,H,H,H,A,A,A,A,A,A,A,A,A,A,A,A,A,A,A,A,A,A,A,A,A,A,A,A,H,H,H,H,A,A,A,A,A,H,H,H,H,H,H,H,A,H,H,H,H,H,H,H,H,H,A,A,H,H,A,A,A,A,H,H,H,H,H,H,H,H,H,H,H,H,A,H,H,H,H,H,H,H,H,A
2.66661934623679,A,A,A,A,H,H,H,H,H,H,A,A,A,A,A,A,A,A,A,A,H,H,H,H,H,H,H,H,H,H,H,A,A,A,A,A,A,A,A,A,A,A,A,A,A,A,A,A,A,A,H,H,H,H,H,H,H,H,H,H,H,A,A,A,A,H,A,A,A,A,H,H,H,H,H,H,H,H,A,A,H,H,A,A,A,A,A,A,A,H,A,H,A,A,A,A,A,A,A,A
0.291402197665609,H,H,H,H,A,A,A,A,H,H,A,A,A,A,A,A,A,H,A,A,H,H,H,H,H,H,H,H,H,H,A,A,A,A,A,A,A,A,A,A,H,H,H,H,H,H,H,H,H,H,H,H,A,H,H,H,H,H,A,A,A,A,A,A,A,H,H,H,H,H,H,H,H,H,H,H,H,A,A,A,H,H,H,H,H,A,A,H,H,H,A,A,A,A,A,A,A,H,A,A
2.58642168368678,A,A,A,H,H,H,H,A,A,A,H,H,H,H,H,H,A,A,A,A,H,H,H,H,H,H,H,H,A,A,A,A,H,H,H,H,H,H,H,H,H,H,H,H,H,H,H,H,A,H,A,A,A,H,A,H,A,A,A,A,H,H,A,A,A,A,A,A,A,A,H,H,H,H,H,H,H,H,H,A,H,H,H,H,H,H,H,H,H,H,A,A,A,A,A,H,H,H,H,H
3.58454703842317,A,A,A,A,H,H,H,H,H,A,A,A,A,A,A,A,A,A,A,A,A,A,A,A,A,A,A,A,H,H,H,H,A,H,H,H,H,H,H,H,H,H,H,H,H,H,H,H,H,H,H,H,H,H,H,A,A,A,A,A,H,H,H,H,H,H,H,H,A,H,H,H,H,H,H,H,H,H,H,H,H,H,H,A,A,A,H,H,H,H,H,H,H,H,H,H,H,H,H,A
3.02950149857165,A,A,H,H,H,H,H,A,A,A,A,A,A,A,A,A,A,A,A,A,H,H,A,H,H,H,H,H,H,A,A,A,A,A,A,A,A,A,A,A,A,A,A,A,A,A,A,A,A,A,H,H,H,H,A,A,A,H,H,H,A,A,A,A,A,A,A,A,A,H,H,H,H,H,H,H,H,H,H,H,A,A,A,A,A,A,A,A,A,A,H,H,H,H,A,A,A,A,A,A
2.46835411596099,A,A,A,H,H,A,A,A,A,A,H,A,A,A,A,A,A,A,A,A,H,H,H,H,H,H,H,H,H,H,H,H,H,H,H,H,H,H,H,H,H,H,H,H,H,H,H,H,H,H,A,A,H,A,A,A,A,H,A,A,A,A,A,A,A,A,A,A,H,A,A,A,A,A,A,A,A,A,A,A,H,H,H,H,H,H,H,H,H,H,H,H,H,H,H,H,H,H,H,H
3.26746064517739,H,H,H,H,H,H,H,H,H,H,H,H,H,H,H,H,H,H,H,H,A,A,A,A,A,A,A,A,A,A,A,A,A,A,A,A,A,A,A,A,A,A,A,H,H,H,H,H,H,H,H,H,H,H,H,A,A,A,A,A,A,A,A,A,H,A,A,A,A,A,H,H,H,H,H,H,H,H,H,A,H,A,A,A,A,A,A,H,H,H,A,H,H,H,H,H,H,H,A,A
0.417717215351092,H,H,H,H,H,H,H,H,H,A,H,H,H,H,A,A,H,H,H,H,A,H,H,H,A,A,H,H,H,H,H,H,H,H,A,H,H,H,H,A,H,H,H,H,H,H,H,H,H,H,H,H,A,A,A,A,A,A,A,H,H,H,H,H,H,H,H,H,H,H,H,H,H,H,H,H,H,H,H,H,A,A,A,A,A,A,A,A,A,A,A,A,A,A,A,A,A,A,A,A
0.447792489750623,H,H,A,A,A,A,A,H,H,H,H,H,A,A,A,A,A,A,A,A,A,H,H,H,H,H,H,H,H,H,A,A,A,A,A,A,A,A,A,A,H,H,H,H,H,H,H,H,H,H,A,A,A,A,A,A,A,A,A,A,A,A,A,A,A,A,A,A,A,A,A,A,A,A,A,A,A,A,A,A,H,H,H,H,H,H,H,H,H,H,H,H,H,H,H,H,H,H,H,H
-0.314868219988754,A,A,A,A,A,A,A,A,A,H,H,H,H,H,H,H,H,H,H,H,H,H,A,A,A,A,A,A,A,A,A,H,H,H,H,H,H,H,H,H,A,A,A,A,A,A,A,A,A,A,H,H,H,H,H,H,H,A,A,A,A,A,A,A,A,A,A,A,A,A,H,H,H,H,H,H,H,A,A,A,A,A,A,A,A,A,A,A,A,A,H,H,H,H,H,H,H,H,H,H
2.07429633725227,H,H,H,H,H,H,H,A,A,A,A,A,A,A,H,H,H,H,H,H,A,A,A,A,H,H,H,A,A,A,A,A,A,A,A,H,H,H,H,H,A,A,A,A,A,A,A,A,A,A,H,H,H,H,H,H,H,H,H,H,H,H,H,H,H,H,H,H,H,H,H,H,H,H,H,H,H,H,H,H,A,A,A,A,A,A,A,A,A,A,H,H,H,H,H,H,H,H,H,H
-0.92233605632276,A,A,A,A,A,A,A,A,A,A,A,A,A,A,A,A,A,A,A,A,H,H,H,H,H,H,H,H,H,H,H,H,H,H,H,H,H,A,A,A,A,A,A,A,A,A,A,A,A,A,H,H,H,H,H,H,H,H,H,H,H,H,H,H,A,A,A,H,H,H,H,H,H,H,H,H,H,H,H,H,H,A,A,H,H,H,H,H,H,H,H,H,H,H,H,H,A,A,A,A
-0.455897297039547,A,A,A,A,A,A,A,H,A,A,A,A,A,A,A,A,A,A,A,A,A,A,H,H,H,H,H,H,H,H,H,H,H,H,H,H,H,A,H,H,A,A,A,A,A,A,H,A,H,H,H,H,H,H,H,H,H,H,H,H,A,A,A,A,A,A,A,A,A,A,H,H,H,A,A,A,A,A,A,A,H,H,H,H,H,H,H,H,H,H,H,H,H,H,H,H,H,H,A,A
1.47261997035606,A,H,H,H,H,H,H,H,H,H,A,A,A,A,A,A,A,A,A,H,H,H,H,H,H,H,H,A,H,H,A,A,H,H,H,H,H,H,A,A,H,A,A,A,A,A,A,A,A,A,A,A,A,A,H,H,H,H,H,H,H,H,H,H,H,H,H,H,H,H,A,A,A,A,A,A,A,A,A,A,A,A,A,A,A,A,A,A,A,A,A,A,A,A,A,A,A,A,H,H
-1.8246639556574,A,A,A,A,A,A,A,A,A,A,H,H,H,H,H,A,A,A,A,A,H,H,H,H,H,H,H,A,A,A,H,H,H,H,H,A,H,H,H,H,A,A,A,A,A,A,A,A,A,A,A,A,A,A,A,A,H,H,H,H,A,A,A,A,H,H,H,H,H,H,A,A,A,A,A,H,H,H,H,H,A,A,A,A,A,A,A,A,A,A,A,A,A,A,A,A,A,A,A,A
1.38407220223383,H,H,H,A,A,A,A,H,H,H,A,A,H,H,H,H,H,H,H,H,H,H,H,H,H,H,H,H,H,H,A,A,A,A,A,A,A,A,A,H,H,H,H,H,H,H,H,H,H,H,A,H,H,H,H,H,A,H,H,A,A,A,A,A,A,H,H,H,A,A,H,H,H,H,H,H,H,H,H,A,H,H,H,H,H,A,A,H,H,H,A,A,A,A,A,A,A,A,A,A
1.44775173802265,A,H,H,H,H,H,H,H,H,H,H,H,A,A,A,A,A,A,A,A,H,H,H,A,A,A,A,H,H,H,A,A,A,A,A,A,H,H,H,H,H,H,A,A,A,A,A,A,A,A,A,A,A,A,A,A,A,A,A,A,A,A,A,A,A,A,A,A,A,A,A,A,A,A,A,A,A,A,A,A,H,H,H,H,H,H,H,H,H,H,A,A,A,H,H,A,A,A,H,H
3.49151423499706,A,H,H,H,H,H,H,H,A,H,A,A,A,A,A,A,A,A,A,A,H,A,A,A,A,A,A,A,A,A,H,H,H,H,H,H,H,H,H,H,H,H,H,H,H,A,H,H,H,H,H,H,H,H,H,H,H,H,H,H,H,H,H,H,H,H,H,H,H,H,A,A,A,A,A,A,A,A,A,A,H,H,H,H,H,H,H,H,H,A,A,A,A,A,A,A,H,H,H,H
-1.04795091135148,A,A,A,A,A,A,A,A,A,A,A,A,A,A,A,A,A,A,A,A,A,A,A,A,A,A,A,A,H,H,H,H,H,A,A,A,H,H,H,H,A,A,A,A,A,A,A,H,H,A,H,A,A,A,A,A,A,A,H,H,H,H,A,A,A,A,H,A,A,A,H,H,H,H,H,H,H,H,H,H,A,A,A,H,H,H,H,H,H,H,A,A,A,A,A,A,H,H,H,H
-0.0775652009533576,A,A,A,A,A,A,A,A,A,A,A,H,H,H,H,H,H,H,H,A,A,A,A,A,A,A,A,A,A,A,A,A,A,A,A,A,A,A,A,A,A,A,A,A,A,H,H,H,H,A,A,A,A,H,H,A,H,A,A,A,A,A,A,A,A,A,H,H,H,H,A,A,H,H,H,H,H,H,H,H,A,A,A,A,A,A,A,A,A,A,A,H,A,A,A,A,A,A,A,A
3.62841437455081,H,H,H,H,H,H,H,H,H,H,A,A,A,A,H,A,A,H,H,H,A,A,A,A,A,A,A,A,A,A,A,A,A,A,A,A,A,A,A,H,H,H,H,H,H,H,H,H,H,H,H,H,A,A,A,A,A,A,A,A,H,H,H,H,H,H,A,A,H,H,A,A,A,A,A,A,A,A,A,A,H,H,H,H,H,H,H,H,H,H,H,H,H,H,H,H,H,H,H,H
-1.84058321358534,H,A,A,A,A,A,A,A,A,A,H,A,A,A,A,A,A,A,A,A,H,H,H,A,H,H,H,H,A,A,H,H,H,H,A,A,A,A,H,H,A,A,A,A,A,H,H,H,H,H,A,H,H,H,H,H,H,H,H,A,A,A,A,A,A,A,A,A,A,A,A,H,H,H,H,H,H,H,H,H,A,A,A,A,H,H,H,A,A,A,A,A,A,A,H,H,H,H,H,H
2.25236804436966,H,H,H,H,H,H,H,H,H,H,A,A,H,H,H,H,H,H,H,H,A,A,A,A,A,A,A,A,A,A,A,A,A,H,A,A,A,A,H,H,A,A,A,H,A,A,A,A,H,H,H,H,H,H,H,H,H,H,H,A,H,H,H,H,A,A,A,A,A,A,A,A,A,A,A,A,A,H,H,H,H,H,H,H,H,H,H,H,A,H,H,H,A,A,A,A,A,H,H,H
2.416807570786,A,H,H,H,H,H,A,A,A,A,A,A,A,A,A,A,A,A,A,A,H,H,H,H,H,H,H,H,H,H,A,A,A,A,A,A,A,A,A,H,H,H,H,H,H,H,H,H,H,H,A,A,A,A,A,H,H,H,H,H,H,A,A,A,A,A,A,A,A,A,H,H,A,A,A,A,A,A,A,A,H,A,A,H,H,H,H,H,H,H,H,H,H,A,H,A,A,H,H,H
-1.30758410372434,A,A,A,A,A,A,H,A,A,A,A,A,A,A,A,A,A,A,H,H,A,A,H,H,H,A,A,A,A,A,A,A,A,A,A,A,A,H,H,H,A,A,A,A,A,A,A,A,A,A,H,H,H,H,H,H,H,H,H,H,A,A,A,A,A,A,A,A,A,A,A,A,A,A,A,A,A,H,H,H,H,H,H,H,H,H,H,H,A,A,H,H,H,H,H,H,H,H,H,H
0.763544663705728,A,A,A,A,A,A,A,A,A,A,H,H,H,H,H,H,H,A,A,A,H,H,H,H,H,H,H,H,H,H,A,A,A,A,A,A,A,A,A,A,A,A,A,A,A,A,A,A,A,A,A,A,A,A,A,A,A,A,A,A,H,H,H,H,H,H,H,H,H,H,H,H,H,A,A,A,A,A,A,A,A,A,A,A,H,H,H,H,H,H,A,A,A,A,A,A,A,A,A,A
1.60317329538094,H,H,H,H,H,H,H,H,H,H,H,H,H,H,H,H,H,H,H,H,A,A,A,A,A,A,A,A,A,A,A,A,A,A,A,H,H,H,A,A,H,H,H,H,H,H,H,H,A,A,H,H,H,H,H,H,H,H,H,H,A,A,A,H,H,H,H,H,H,H,A,A,A,A,A,A,A,A,H,H,A,A,A,A,A,A,A,A,H,A,H,H,H,H,H,H,A,H,H,H
0.22442431658117,A,A,A,A,A,A,A,A,H,H,H,H,H,H,H,H,H,A,A,A,H,H,H,H,H,H,H,H,H,H,A,A,A,A,H,H,H,H,H,H,H,H,H,A,A,A,A,A,A,A,H,H,H,H,H,H,H,H,H,H,H,H,H,H,H,A,A,A,A,A,A,H,H,H,H,H,H,A,A,A,A,A,A,A,A,A,A,A,A,A,H,H,H,H,H,H,H,H,A,A
3.08094871146837,A,A,A,H,H,H,A,H,H,H,H,H,H,H,H,H,H,H,H,A,H,H,H,H,H,H,H,H,H,H,A,A,A,A,A,A,A,A,A,A,H,A,A,A,A,H,H,H,H,H,A,A,A,A,A,H,A,A,H,H,H,H,H,A,A,A,A,A,A,A,A,A,A,A,A,A,A,A,A,H,H,A,A,A,A,A,H,H,H,H,H,H,H,H,H,H,H,H,H,H
0.239079764479267,A,A,A,A,A,A,A,A,A,A,H,H,H,H,H,H,H,H,H,H,A,A,A,A,A,A,A,A,A,A,A,A,A,A,A,A,A,A,A,A,A,A,A,A,A,H,A,A,A,H,H,H,H,H,H,H,H,H,A,A,H,H,H,A,A,A,A,A,H,H,A,A,A,A,A,H,A,H,H,H,H,H,H,H,H,H,H,H,H,H,A,A,A,A,H,H,A,A,H,H
0.460993049847864,A,A,A,A,A,A,A,A,A,A,A,A,A,A,A,A,A,A,A,A,H,H,H,A,H,H,H,H,H,H,H,A,A,A,A,H,A,A,A,A,H,H,H,H,H,H,H,H,H,H,H,H,H,H,H,H,H,A,A,A,A,H,A,H,A,A,A,A,A,A,H,H,H,H,A,A,A,A,A,A,A,A,A,A,H,H,A,A,A,A,A,A,A,A,A,A,A,H,A,H
0.687518556606138,A,A,A,A,A,A,A,A,A,A,H,H,H,H,H,H,H,H,A,A,A,A,A,A,A,A,A,A,A,A,H,H,H,H,H,H,H,H,H,H,A,A,H,H,H,H,H,H,A,A,A,A,A,A,H,A,A,A,A,A,A,A,A,A,A,A,A,A,A,A,H,H,H,H,H,H,H,H,A,A,A,A,A,A,A,A,A,A,A,H,A,A,A,A,A,A,A,A,A,A
2.96748009753641,H,H,H,H,H,H,H,H,A,A,H,H,H,H,H,H,H,H,H,H,A,A,A,H,H,H,H,H,H,H,A,A,A,A,A,A,A,A,A,A,A,A,H,A,A,A,A,A,A,A,A,H,H,H,H,H,H,H,H,H,H,H,H,A,A,A,A,A,A,H,A,H,H,H,H,H,H,H,A,A,A,A,H,H,H,H,H,H,H,H,A,A,A,A,A,A,A,A,A,A
0.0838066456898129,A,H,H,A,A,A,A,H,H,H,A,A,A,A,A,A,A,A,A,A,A,A,A,A,A,A,A,A,A,A,A,A,A,A,H,H,H,H,H,H,A,A,A,A,A,A,A,H,H,H,A,A,A,A,A,A,A,H,H,H,A,A,A,A,A,A,A,A,A,A,A,A,A,A,H,H,H,A,A,A,H,H,A,A,A,A,A,A,A,A,H,H,H,H,H,H,H,H,H,H
3.09568416271187,H,H,H,H,H,H,H,H,H,H,A,A,A,A,A,A,A,A,A,A,A,A,H,H,H,H,H,H,H,A,H,H,H,H,H,H,H,H,H,H,H,H,H,H,H,H,H,A,A,A,H,H,H,H,H,H,H,H,H,H,A,A,H,H,H,A,A,A,A,A,H,A,A,A,A,A,A,A,A,A,H,H,H,A,A,H,H,H,H,H,H,H,H,H,H,H,H,A,A,A
0.130015849640241,A,A,A,A,A,A,A,A,A,H,H,H,A,A,A,A,A,A,A,A,H,H,H,H,H,A,A,A,A,A,H,H,H,H,H,H,H,H,H,H,A,A,A,A,A,A,A,A,A,A,A,A,A,A,A,A,A,A,H,H,A,A,A,A,A,A,A,A,A,A,A,A,A,H,H,H,H,H,A,A,A,H,H,H,H,H,H,H,A,H,H,H,H,H,H,H,H,H,H,A
2.53927712130412,H,H,H,H,H,H,H,H,H,H,H,H,H,H,A,A,A,A,A,A,A,H,H,H,H,H,H,H,H,H,H,H,H,H,H,H,H,H,H,H,H,H,H,A,A,A,A,A,A,A,A,A,A,A,A,A,A,A,H,H,A,A,A,A,A,H,A,A,A,A,H,H,H,A,A,A,H,H,H,H,H,H,H,H,H,H,H,H,A,A,A,A,A,A,A,A,A,A,H,H
-0.157120239601041,A,A,A,H,A,A,A,A,A,A,H,H,A,A,A,A,A,A,A,A,A,H,H,H,H,H,H,H,H,A,H,A,A,A,A,A,A,H,H,H,H,H,H,H,H,H,H,H,H,H,H,H,H,A,A,A,A,A,A,A,A,A,A,A,A,H,A,H,H,H,A,A,A,H,H,H,H,A,A,A,A,A,A,A,H,H,H,H,H,H,A,A,A,A,A,A,A,A,A,A
1.33250464148563,H,H,H,H,H,H,H,H,H,H,H,H,H,H,H,A,A,A,A,A,A,A,A,A,A,A,A,H,H,H,A,H,H,H,H,H,H,H,H,H,H,H,H,H,H,H,H,H,H,H,H,H,H,H,H,H,H,H,H,H,A,A,A,A,A,A,A,H,H,H,H,H,A,A,H,H,H,H,H,H,A,H,H,H,H,H,A,H,H,H,A,A,A,H,A,A,A,A,A,A
1.51377596457107,H,H,H,H,H,H,H,H,H,H,A,A,A,A,A,H,H,H,A,H,H,H,H,H,H,H,H,H,A,H,A,H,H,H,H,H,H,H,H,H,H,H,H,H,H,A,A,A,A,A,H,H,H,H,H,H,H,H,A,A,A,A,A,A,A,A,A,A,A,A,A,A,A,A,A,A,A,H,H,H,A,H,H,H,H,H,H,H,H,H,A,A,A,A,A,A,H,H,H,H
2.45032974417367,A,A,A,A,H,H,H,A,A,A,A,A,A,A,A,A,A,A,A,A,H,H,H,H,H,H,H,H,H,H,A,A,A,A,A,A,A,A,A,H,H,H,H,H,H,H,H,H,H,H,H,H,H,H,H,H,H,H,A,A,A,A,A,A,A,A,A,A,A,A,H,H,H,H,H,H,H,H,H,H,H,H,H,H,A,A,A,A,A,A,A,A,A,A,A,A,H,A,H,A
0.912083804923236,A,A,A,A,A,A,A,A,A,A,A,A,A,A,A,A,A,A,H,H,H,H,H,H,H,A,H,H,H,H,H,H,H,H,H,H,H,H,H,H,H,H,H,H,H,H,A,A,A,A,A,A,A,A,A,A,A,A,A,A,H,H,H,A,A,A,A,A,A,H,A,A,A,H,H,A,A,A,A,A,A,A,H,H,A,A,A,A,A,A,H,H,H,A,A,A,H,H,H,H
3.13057831171355,A,A,A,A,A,A,A,A,A,A,H,H,H,H,A,A,A,A,A,A,A,A,A,A,A,A,A,H,H,H,A,H,H,H,H,H,A,A,A,A,H,H,H,H,H,H,H,H,H,H,H,H,H,A,H,A,A,A,A,A,A,A,A,A,A,A,H,H,H,H,A,A,A,A,A,A,A,A,A,A,A,H,H,H,H,H,H,H,H,H,H,H,H,H,H,H,H,H,H,H
2.69346804032095,A,A,H,H,H,H,H,A,A,A,H,H,H,H,H,H,H,H,H,A,A,A,A,A,A,A,A,A,A,A,A,A,A,A,A,A,A,A,A,A,H,A,A,A,A,A,A,H,H,H,H,H,H,H,H,H,H,H,H,A,H,H,H,H,H,H,H,H,H,H,H,H,H,H,H,H,H,H,H,H,H,H,A,H,H,H,H,H,H,H,H,H,H,H,H,H,H,A,A,A
2.68082140774021,H,H,H,H,H,H,A,A,A,A,H,A,A,A,A,A,A,H,H,H,H,H,H,H,H,A,H,H,H,A,H,H,H,H,H,H,H,A,A,A,A,A,A,A,A,A,A,H,H,H,A,A,A,A,H,H,H,H,H,H,A,A,A,A,A,A,A,A,A,A,A,A,A,A,A,A,A,A,A,A,A,A,A,A,H,H,A,A,A,A,A,A,H,H,H,A,A,A,A,A
3.20309948336418,H,H,H,H,H,H,A,A,H,A,H,H,H,A,H,H,H,A,A,H,H,H,H,A,A,A,A,A,H,H,H,H,A,A,A,A,A,A,A,A,H,H,H,H,H,H,H,H,H,H,H,H,H,H,A,A,A,H,H,H,A,A,A,H,A,A,A,A,A,A,H,H,H,H,H,H,H,H,A,A,H,H,H,H,A,A,A,A,A,A,H,H,H,H,H,H,A,H,H,H
2.19521192017432,H,H,H,A,H,H,H,A,A,A,A,A,H,H,H,H,H,H,H,H,A,A,A,A,A,A,A,A,A,A,H,H,H,H,H,A,H,H,H,H,H,H,H,H,H,H,H,H,H,H,H,H,A,A,A,A,A,A,A,A,H,H,H,H,H,H,A,A,A,A,A,A,A,H,H,H,H,H,A,A,A,A,A,A,A,A,A,A,A,A,A,H,H,H,H,H,H,H,H,H
0.399495006270832,H,H,H,H,H,A,A,A,A,A,H,H,H,H,A,A,A,H,H,H,A,A,A,A,A,A,A,A,A,A,A,A,A,A,H,H,H,H,H,H,H,A,A,A,H,A,A,A,A,A,H,A,A,A,H,H,H,H,H,H,H,H,H,H,H,H,H,A,A,A,H,H,A,A,A,A,H,H,H,H,A,A,A,A,A,A,A,A,A,A,H,H,H,H,H,H,H,H,H,H
-0.0825670827469769,H,H,H,H,H,A,H,H,H,H,A,H,H,A,A,A,A,A,A,A,A,A,A,A,H,H,H,H,H,A,H,H,A,A,A,A,A,H,H,H,A,A,A,A,A,A,A,A,A,H,H,H,H,H,H,H,H,H,H,A,H,H,H,H,H,H,A,A,A,A,H,H,H,H,H,H,A,A,A,A,A,A,A,A,H,H,H,H,H,H,A,A,A,A,A,A,A,A,A,A
0.0818077868940184,A,A,A,A,A,A,A,A,A,A,A,A,A,A,A,A,A,A,A,A,H,H,H,H,H,H,H,A,A,A,H,A,A,A,H,H,H,H,H,H,H,A,H,H,H,H,H,H,H,H,H,H,A,A,A,A,A,A,A,A,A,A,A,A,A,H,H,H,H,H,A,A,A,A,H,H,H,H,H,H,A,A,H,H,H,H,H,H,H,H,A,A,A,A,A,A,A,A,A,A
0.322670141131869,H,A,A,A,A,A,A,A,A,A,H,H,H,H,H,H,H,H,H,H,A,A,H,H,H,H,H,H,H,H,A,A,A,A,A,A,A,A,A,A,A,A,A,A,A,A,A,A,A,H,H,A,A,A,A,A,A,A,A,A,A,H,H,H,H,H,H,H,H,H,H,H,H,H,A,A,A,A,A,A,H,H,H,H,H,H,H,H,H,H,H,H,H,H,H,H,H,H,H,H
0.669025020036334,H,H,H,H,H,H,H,H,H,H,A,A,A,H,H,H,H,H,H,H,A,A,A,H,H,H,H,H,A,A,H,H,H,H,H,H,H,H,H,H,A,A,A,A,A,A,H,H,H,H,A,A,A,A,A,A,A,A,A,A,A,A,A,A,A,A,A,H,H,H,A,A,A,A,A,A,A,A,A,H,A,A,A,H,H,A,A,A,A,A,H,H,H,H,H,H,A,A,A,A
3.36981681267508,H,H,H,A,A,A,A,A,H,H,H,H,H,H,H,H,H,H,H,H,H,H,H,H,H,H,H,H,A,A,A,A,A,A,A,H,H,H,H,H,H,H,H,A,A,H,H,H,H,H,H,H,H,H,H,H,H,A,A,A,A,A,A,A,A,A,A,A,A,H,A,H,H,H,H,A,A,H,H,H,A,A,A,A,A,H,H,H,H,H,A,H,H,H,H,H,H,H,A,A
1.19954348503197,H,H,H,H,H,H,H,H,H,H,H,H,H,H,H,H,H,A,A,A,A,A,A,A,A,A,A,A,A,A,H,H,H,A,H,H,H,H,H,H,A,A,A,A,A,A,A,A,A,A,H,A,A,A,A,A,A,H,H,H,A,A,A,H,H,H,H,A,H,H,A,A,H,H,H,H,H,H,H,H,A,H,A,A,A,A,A,A,A,A,H,H,H,A,A,A,H,H,H,H
-0.0267341411058984,H,A,A,A,A,A,A,A,A,A,A,A,A,A,H,H,H,H,H,H,H,H,H,H,H,H,H,H,H,H,A,A,A,A,A,A,A,A,A,A,A,A,A,A,H,H,H,H,H,H,H,H,H,H,H,H,H,H,H,H,A,A,A,A,A,A,A,A,A,A,A,A,A,A,A,A,A,A,A,A,A,H,A,A,A,A,A,A,A,A,A,H,H,H,H,H,H,H,H,H
0.306339198574874,A,A,A,A,H,H,H,H,H,H,H,H,H,A,A,A,A,A,A,A,A,H,H,H,H,H,A,H,H,H,H,H,H,H,H,H,H,H,H,H,A,A,A,A,A,A,A,A,A,A,H,H,H,H,H,H,H,H,H,H,H,H,A,A,A,A,A,A,A,A,H,H,H,H,H,H,H,H,H,H,A,A,A,H,A,A,A,A,A,A,A,A,A,A,A,A,H,A,A,A
-1.29859014946584,A,A,A,A,A,A,A,H,A,H,A,A,A,A,A,A,A,A,A,A,H,H,A,A,A,A,A,A,A,A,H,H,H,H,H,H,H,H,H,A,A,A,A,A,A,A,A,A,A,A,A,A,A,A,A,A,A,A,A,A,A,A,A,A,A,A,H,A,A,A,A,A,A,A,A,A,A,A,A,A,A,A,A,A,A,A,A,A,A,A,H,H,H,H,A,A,A,H,H,A
1.66530304020652,A,A,A,A,A,A,A,H,H,H,A,A,A,A,A,A,H,H,A,A,A,A,A,A,A,A,A,A,A,A,H,H,H,H,H,H,A,A,A,A,A,H,H,A,A,A,A,A,A,A,H,H,H,H,H,H,H,H,H,H,H,A,A,A,A,A,A,A,A,A,H,H,H,H,H,H,H,H,H,H,H,H,H,H,H,A,A,H,H,H,H,H,H,A,A,A,A,A,A,A
2.02053470082333,H,H,H,H,H,H,H,H,H,H,H,H,H,H,H,H,H,H,H,H,H,H,H,H,H,H,H,H,H,H,A,A,A,A,A,A,A,A,A,A,A,A,A,A,A,A,A,A,H,A,H,H,H,H,H,H,H,H,H,H,H,H,A,H,H,H,H,H,H,H,H,H,H,H,H,H,H,H,H,H,H,H,H,H,H,H,H,H,H,H,H,H,H,H,H,H,H,H,H,H
1.29433579153921,H,H,H,A,A,A,A,A,A,A,H,H,H,A,A,A,A,A,A,A,H,H,H,H,H,H,H,H,H,H,A,A,A,A,A,A,A,A,A,A,A,A,A,A,A,A,A,A,A,A,A,A,A,A,A,A,A,A,A,A,H,H,H,H,H,H,H,H,H,H,A,A,A,A,A,A,H,H,H,A,A,A,A,A,A,A,A,A,A,H,H,A,H,H,H,A,A,A,A,A
-0.838437650148,A,A,A,A,A,A,A,A,A,A,H,A,H,H,H,H,H,H,H,H,H,H,H,H,H,H,H,H,H,H,H,A,A,A,A,H,H,H,H,H,A,A,A,A,A,A,A,A,A,A,H,H,H,H,H,H,H,H,H,H,H,H,H,A,H,H,H,H,H,H,A,A,A,A,H,H,H,H,H,H,A,A,A,H,H,H,H,A,A,A,H,H,A,A,A,A,A,A,A,A
1.98102478808754,A,A,A,H,H,H,H,H,H,H,A,A,A,H,H,H,H,A,A,H,H,H,H,H,H,H,H,A,A,A,H,H,H,H,H,H,H,H,H,A,H,H,H,H,H,H,H,H,H,H,A,A,A,A,A,A,A,A,A,A,A,A,A,A,A,H,H,H,H,H,H,H,H,H,H,H,H,H,H,H,A,A,A,A,A,A,A,A,A,A,H,H,H,A,A,A,A,A,A,A
2.33706030864676,A,A,A,A,A,A,A,A,A,A,A,A,A,A,A,A,A,A,H,H,H,H,H,H,H,H,H,H,A,A,H,H,H,H,H,A,A,A,A,A,H,H,A,A,A,H,H,A,A,A,A,A,A,A,H,A,A,A,A,A,A,A,A,A,A,A,A,A,A,A,A,A,A,A,H,A,A,A,A,A,H,H,H,H,A,H,H,H,H,A,A,A,A,A,A,A,A,A,A,A
2.32375005917703,H,H,H,H,H,H,A,A,A,A,H,H,H,A,A,A,A,H,H,H,A,A,A,A,A,A,A,A,A,A,A,A,A,A,A,A,A,A,A,A,A,A,A,A,A,A,A,A,A,A,H,H,A,A,A,A,A,A,A,A,A,A,A,H,H,H,H,H,H,H,A,A,A,A,H,H,A,A,A,A,A,A,A,A,H,H,H,H,H,H,A,A,A,H,H,H,H,H,H,H
2.53227579768823,H,A,H,H,H,H,H,H,H,H,H,A,A,A,A,A,A,A,A,A,H,H,H,H,H,H,A,H,H,H,H,H,A,H,A,A,A,A,A,A,H,H,H,H,H,H,H,H,H,H,H,H,H,H,H,H,H,H,H,H,A,A,A,A,A,H,H,A,A,A,A,A,H,H,H,H,H,H,H,H,H,H,H,H,H,H,H,H,H,H,A,A,A,A,A,A,A,A,A,A
2.05825427091308,A,A,H,H,H,H,A,H,A,A,H,H,H,A,A,A,A,H,A,A,H,H,H,H,H,H,H,H,H,H,H,H,A,H,H,A,A,A,A,A,H,H,H,H,H,H,H,H,H,H,A,A,A,A,A,A,A,A,A,A,H,H,H,H,A,A,A,A,H,H,H,H,H,H,H,H,H,H,H,H,H,A,A,H,A,H,H,H,H,H,H,H,H,H,A,A,A,A,A,A
-0.507492500540969,A,A,A,A,A,H,H,A,A,A,H,H,H,H,H,A,H,H,H,A,A,A,A,A,A,A,A,A,A,A,A,A,A,A,A,A,A,A,A,A,A,A,A,A,A,A,H,H,H,H,H,H,H,H,H,H,H,H,A,A,A,A,H,H,A,A,A,A,A,A,H,H,H,H,H,H,H,H,H,H,H,H,H,H,H,H,H,H,H,H,A,A,A,A,A,A,A,A,A,A
0.76526191301901,H,H,H,H,H,H,H,H,H,H,A,A,A,A,A,A,A,A,A,A,A,A,A,A,A,A,A,A,A,A,H,H,A,A,H,H,H,H,H,H,A,A,A,A,A,A,A,A,A,A,H,H,A,A,A,A,A,A,A,A,A,A,H,H,H,H,H,H,H,H,A,A,A,H,H,H,H,H,A,A,A,A,A,H,H,H,A,A,A,H,H,H,A,A,A,A,A,A,A,A
3.34666963518155,H,H,H,H,H,H,H,H,A,A,A,A,A,A,A,A,A,A,A,A,H,H,A,A,A,A,A,A,A,H,A,A,A,A,H,A,A,A,A,A,H,H,H,H,H,H,H,H,H,H,A,A,A,A,A,A,A,A,A,A,H,H,H,H,H,H,A,A,A,H,A,A,H,A,A,A,A,A,A,A,A,A,A,H,H,H,H,H,H,H,A,A,A,A,A,A,A,A,A,A
2.31435963793171,H,H,H,H,H,H,H,H,H,H,H,H,H,H,H,H,H,H,H,H,H,A,A,A,A,A,A,H,A,A,A,A,A,A,A,A,A,A,A,A,H,H,H,H,H,H,A,A,A,A,H,H,A,A,A,H,H,H,H,H,A,H,H,H,H,H,H,H,H,H,H,H,A,A,A,A,A,A,A,A,A,A,A,A,A,A,A,A,A,A,H,H,H,H,H,H,A,H,A,A
2.27101531988794,H,H,H,H,H,H,H,H,H,H,A,A,A,A,A,A,A,H,H,H,A,A,A,A,H,H,H,H,H,H,H,H,H,H,A,H,A,A,H,H,H,H,H,H,H,H,H,H,H,H,A,A,A,A,H,H,A,A,H,H,H,H,H,H,H,H,H,H,H,H,A,A,A,A,A,A,A,A,H,A,H,H,H,H,H,H,H,H,H,H,A,A,A,A,A,A,A,A,A,A
0.385164736991829,A,A,A,H,H,H,H,H,H,H,A,A,H,H,H,H,H,H,H,H,A,A,A,A,A,A,A,A,A,A,H,H,H,H,H,A,A,A,A,A,A,A,A,A,A,A,A,A,A,A,H,H,A,A,A,A,A,A,A,A,H,H,H,H,H,H,H,H,H,A,A,A,H,H,H,H,H,H,H,H,H,A,A,A,A,A,H,A,A,A,A,A,A,A,A,A,A,A,A,A
2.84126191361468,A,A,A,A,A,H,H,H,H,H,A,A,A,A,A,A,A,A,A,A,H,H,H,H,A,A,A,A,A,A,H,H,H,H,A,A,A,A,A,A,H,H,H,H,H,H,H,H,A,A,H,H,H,A,A,A,A,H,A,A,A,A,A,A,A,A,A,A,A,A,H,H,H,H,H,H,H,H,H,H,H,H,H,A,A,A,A,A,A,A,A,A,A,A,A,A,A,A,A,A
1.91208244333947,H,H,H,H,H,A,A,A,A,A,H,H,H,H,H,H,H,H,H,H,H,H,H,H,H,H,H,H,H,H,H,H,H,H,H,H,H,H,H,A,A,A,A,A,A,A,A,A,A,A,H,A,A,A,A,A,A,A,A,A,H,H,H,A,A,A,A,A,A,A,A,A,H,A,A,A,A,A,A,A,A,A,A,A,H,H,H,H,H,H,A,A,A,A,A,A,A,A,A,A
0.305115358411962,A,A,A,A,A,A,A,A,A,A,H,H,H,H,H,A,A,A,A,A,H,H,H,A,A,A,A,A,H,H,H,H,A,A,A,A,H,A,A,A,A,A,H,H,H,H,H,H,H,H,A,A,H,H,A,A,A,A,A,A,H,H,H,A,A,A,A,A,A,A,A,A,A,A,A,A,A,A,H,H,A,A,A,A,A,A,A,H,H,H,A,A,A,A,A,A,A,A,A,A
1.35042876511921,H,H,H,H,H,H,H,H,H,H,A,A,A,A,A,A,A,A,A,H,A,A,H,H,A,A,A,A,A,A,H,H,H,H,A,H,A,A,A,A,H,A,A,A,A,A,A,A,A,A,H,H,H,H,H,A,H,H,H,H,H,H,H,H,H,H,H,H,A,A,A,A,A,A,A,A,A,A,A,A,A,A,A,A,A,A,A,A,A,A,H,H,H,H,H,H,H,H,H,A
0.181657820888795,H,H,A,A,A,A,A,A,A,A,A,A,A,A,A,A,A,A,A,A,A,A,H,H,H,H,A,A,A,A,A,H,H,A,A,A,H,A,A,A,H,H,H,H,H,H,A,H,H,H,H,H,H,H,H,H,A,A,A,A,A,A,H,H,H,H,A,A,A,A,A,H,H,H,H,H,H,H,A,A,H,H,H,H,H,H,A,A,A,A,A,A,A,A,H,H,H,H,A,A
1.08056627646678,H,H,H,H,H,H,H,A,A,A,H,H,H,H,H,H,H,H,H,H,H,H,A,A,A,A,A,H,H,H,A,A,A,A,A,H,H,H,H,A,A,A,A,A,H,H,H,H,A,A,A,A,A,A,A,A,A,A,A,A,A,A,A,A,A,A,A,A,A,A,A,A,A,A,A,A,H,H,H,H,H,H,A,A,A,A,A,A,A,A,A,A,A,H,A,A,A,A,A,H
1.6805940869026,H,H,H,H,H,H,H,H,H,H,H,A,A,A,H,H,H,H,H,H,H,H,H,H,H,H,H,A,H,H,H,H,H,H,H,H,H,H,H,H,H,H,H,H,H,H,H,H,H,H,H,H,H,A,A,A,A,A,A,A,A,A,A,A,A,A,A,A,A,A,H,H,H,A,A,A,A,A,A,A,A,A,A,A,H,H,A,A,A,A,H,A,A,A,A,A,A,A,H,H
1.86607575505567,A,A,A,A,A,A,A,A,A,A,A,A,A,H,H,H,H,H,H,H,A,A,A,A,A,A,A,A,H,A,A,A,A,A,H,H,H,H,H,H,H,H,H,H,H,H,H,H,H,H,A,H,A,A,A,H,A,A,A,A,A,A,H,A,A,A,A,A,A,A,H,H,H,H,H,H,A,A,A,H,H,H,A,A,A,A,A,A,A,A,A,H,H,H,H,H,H,H,H,H
0.79907492506002,A,A,H,A,A,A,A,A,H,H,A,A,A,A,A,A,A,A,A,A,A,A,A,A,A,A,H,H,H,H,A,A,H,H,H,A,A,A,A,A,A,A,A,A,A,A,A,A,A,A,A,A,H,H,A,A,A,A,A,A,A,A,A,A,A,A,H,H,H,H,A,A,A,A,A,A,A,A,A,A,H,H,H,H,H,H,H,H,H,H,H,H,H,H,H,H,H,H,H,H
1.88774235493902,A,A,A,A,A,A,A,A,A,A,H,H,H,H,H,H,H,H,H,H,A,A,A,A,A,A,H,H,H,H,A,A,A,H,H,A,A,A,A,A,H,H,H,H,H,H,H,H,H,H,H,H,A,A,A,A,A,A,A,A,H,H,H,H,H,A,H,A,A,A,H,H,H,H,H,A,A,A,A,A,A,A,A,A,A,A,A,A,H,H,H,H,H,H,A,A,A,A,A,H
2.24793934954718,A,A,A,A,A,H,H,H,H,H,H,H,H,H,H,H,H,H,H,A,A,A,H,H,H,H,H,H,H,H,H,H,A,A,A,A,A,A,H,A,H,H,H,H,H,H,H,H,H,H,H,H,H,H,A,A,A,A,A,A,H,H,A,H,H,H,H,H,H,H,H,H,H,A,A,A,A,A,A,A,H,H,H,H,H,H,H,H,H,H,A,A,A,A,A,A,A,A,A,A
0.939215925883701,A,A,H,H,H,H,H,H,H,H,A,A,A,A,A,H,A,A,A,A,A,H,H,H,H,H,H,H,H,H,A,A,A,A,A,A,A,A,A,H,A,A,A,A,A,H,H,H,H,H,A,A,A,A,A,A,A,A,A,A,A,H,H,A,A,A,A,A,A,A,A,A,A,A,A,H,A,A,A,A,A,A,A,A,A,A,A,A,A,A,A,A,A,A,A,H,H,H,H,H
-1.76436129259309,H,H,H,H,H,H,H,H,A,A,H,H,H,H,H,H,A,H,H,H,A,A,A,A,A,A,A,H,H,H,H,H,A,A,A,A,A,A,H,A,A,A,A,A,A,A,A,A,A,A,A,A,A,A,H,H,H,H,H,H,H,H,H,H,H,H,H,H,H,H,H,H,H,H,H,H,H,H,H,H,A,A,A,A,A,A,A,A,A,A,H,H,H,H,H,H,H,A,A,A
0.680483644562793,A,A,A,A,A,A,A,A,A,A,A,H,H,H,A,A,A,A,A,A,H,H,H,H,H,H,H,H,H,A,H,H,A,A,A,A,A,A,A,A,A,A,A,A,A,A,A,A,A,A,H,H,H,H,A,A,A,A,A,A,A,A,A,A,A,A,A,H,H,H,H,H,H,A,A,A,A,A,A,A,A,A,A,A,A,A,A,A,A,A,A,A,A,A,A,H,H,H,H,H
-0.92856203294598,A,A,A,A,A,A,A,A,A,H,A,A,A,A,A,A,A,A,A,H,H,H,H,H,H,H,H,H,H,H,A,A,A,A,A,H,A,A,H,H,A,A,A,A,A,H,A,A,H,A,H,H,H,H,H,H,H,H,H,H,H,H,H,H,H,A,A,A,A,A,H,H,H,H,H,H,H,A,A,A,H,H,H,H,H,H,H,H,H,H,H,H,H,A,A,A,A,H,H,H
4.21791334346598,H,H,H,H,H,H,H,A,A,A,A,A,H,H,H,H,H,H,H,H,H,H,H,H,H,H,H,A,A,A,A,A,A,A,A,A,A,A,A,A,H,H,H,H,H,H,H,H,A,A,A,A,H,H,H,H,H,H,H,A,A,A,A,A,A,A,H,H,H,H,A,A,A,A,A,A,A,A,A,A,H,A,H,H,H,H,H,A,H,H,A,A,H,H,A,A,A,A,H,H
2.26618843725939,A,A,A,A,H,H,A,A,A,A,H,H,H,H,H,H,H,A,A,A,A,A,A,A,H,H,H,H,H,H,H,H,H,H,H,H,H,H,H,H,H,H,H,H,H,H,H,H,H,H,H,H,H,H,H,H,H,H,H,A,H,H,H,H,H,H,H,H,H,A,A,A,A,A,A,A,A,A,H,H,A,A,A,A,A,A,A,A,A,A,A,A,A,A,A,A,A,A,A,A
1.62253122482194,H,H,H,H,H,H,H,H,H,H,A,A,A,A,A,H,H,H,H,H,H,H,H,H,H,H,H,H,H,H,H,H,A,A,A,A,A,A,A,A,H,H,A,A,A,A,A,A,A,H,H,H,H,H,H,H,H,H,H,H,A,A,A,A,A,A,A,A,A,A,H,H,H,H,H,A,A,A,A,A,H,A,A,A,H,A,A,H,H,H,A,A,A,A,A,A,A,A,A,A
